Name,URL,Author,Language,License,Author's followers,Top 10 contributors followers,Created at,Age in days,Total commits,Total additions,Total deletions,Total code changes,Last commit date,Commits/day,Medium commit size,Total releases,Stargazers,Forks,Contributors,"Active forkers, %",Open issues,Closed issues,Total issues,Issue/day,"Closed issues, %",Placement by popularity,Placement by age,Placement by total commits,Placement by total tags,Placement by top 10 contributors followers,Placement by closed issues percentage,Placement by commits by day,Placement by active forkers column,Placement overall
meteor/meteor,https://github.com/meteor/meteor,[Account removed],JavaScript,[Unknown],0,4399,2012/01,2277,16821,2031496,1555707,3587203,2018-04-06 14:59:18,7.3874,213,1064,39545,4983,384,7.71,77,7472,3.2815,98.97,98.97,4,4,5,1,23,12,5,124,1
laravel/framework,https://github.com/laravel/framework,taylorotwell,PHP,MIT,12122,18649,2013/01,1919,10987,488055,342509,830564,2018-04-07 17:05:26,5.7254,75,329,11656,5299,413,7.79,167,10398,5.4184,98.39,98.39,24,24,8,7,7,15,8,123,2
rails/rails,https://github.com/rails/rails,dhh,Ruby,MIT,11596,31607,2008/04,3655,38333,2037161,1816824,3853985,2018-04-08 12:18:31,10.4878,100,345,39230,15853,382,2.41,1072,11996,3.2821,91.06,91.06,5,5,1,5,5,50,1,148,3
emberjs/ember.js,https://github.com/emberjs/ember.js,[Account removed],JavaScript,MIT,0,12930,2011/05,2515,8160,937992,886620,1824612,2018-04-06 22:07:42,3.2445,223,297,18888,3878,364,9.39,320,5625,2.2366,94.31,94.31,13,13,10,9,10,33,14,120,4
phoenixframework/phoenix,https://github.com/phoenixframework/phoenix,chrismccord,Elixir,MIT,1431,10615,2014/01,1545,3476,267870,222043,489913,2018-04-11 07:38:29,2.2498,140,63,11587,1403,446,31.79,22,1496,0.9683,98.53,98.53,25,25,30,45,15,14,23,51,5
symfony/symfony,https://github.com/symfony/symfony,fabpot,PHP,MIT,8142,15990,2010/01,3022,16834,1708223,1018444,2726667,2018-04-08 09:02:26,5.5705,161,338,17213,6147,385,6.26,797,10307,3.4107,92.27,92.27,15,15,4,6,8,45,10,130,6
cakephp/cakephp,https://github.com/cakephp/cakephp,phpnut,PHP,[Unknown],264,3960,2010/05,2898,24400,3043804,2844536,5888340,2018-04-10 16:54:41,8.4196,241,309,7510,3319,371,11.18,221,4848,1.6729,95.44,95.44,37,37,2,8,25,27,3,113,7
facebook/react,https://github.com/facebook/react,zpao,JavaScript,MIT,2235,50915,2013/05,1786,5684,1163145,977686,2140831,2018-04-08 17:29:37,3.1825,376,88,92944,17523,454,2.59,432,5873,3.2884,92.64,92.64,1,1,16,33,1,41,15,147,8
expressjs/express,https://github.com/expressjs/express,tj,JavaScript,MIT,34701,41191,2009/06,3214,4835,120266,100246,220512,2018-03-12 17:38:44,1.5044,45,275,37608,6701,220,3.28,177,2851,0.8871,93.79,93.79,6,6,21,10,2,34,37,144,9
jquery/jquery,https://github.com/jquery/jquery,jeresig,JavaScript,[Unknown],14541,21031,2009/04,3298,5513,374795,318056,692851,2018-03-14 06:05:33,1.6716,125,148,48590,15331,269,1.75,92,1634,0.4955,94.37,94.37,3,3,18,19,6,32,34,149,10
vuejs/vue,https://github.com/vuejs/vue,yyx990803,JavaScript,MIT,29596,32934,2013/07,1720,2487,430986,262810,693796,2018-04-07 04:24:23,1.4459,278,227,89844,13175,187,1.42,142,6415,3.7297,97.79,97.79,2,2,38,11,4,18,38,151,11
angular/angular,https://github.com/angular/angular,mhevery,TypeScript,MIT,3356,11129,2014/09,1304,9234,2466111,1920624,4386735,2018-03-22 17:37:50,7.0813,475,216,34816,8526,422,4.95,2292,14675,11.2538,84.38,84.38,7,7,9,12,13,77,6,136,12
padrino/padrino-framework,https://github.com/padrino/padrino-framework,nesquena,Ruby,[Unknown],894,3092,2009/11,3069,3599,173671,137360,311031,2018-02-23 06:24:54,1.1727,86,75,3106,490,207,42.24,42,1354,0.4412,96.90,96.90,51,51,28,38,29,21,43,29,13
gohugoio/hugo,https://github.com/gohugoio/hugo,spf13,Go,[Unknown],4708,5633,2013/07,1745,3527,376883,270349,647232,2018-04-08 08:20:39,2.0212,183,54,24706,3046,446,14.64,222,2756,1.5794,91.94,91.94,11,11,29,51,20,47,27,98,14
netty/netty,https://github.com/netty/netty,trustin,Java,Apache-2.0,1041,2515,2010/11,2713,7065,1186715,867515,2054230,2018-04-05 17:44:08,2.6041,290,189,13469,6133,319,5.20,386,4092,1.5083,90.57,90.57,20,20,11,14,35,53,17,133,15
riot/riot,https://github.com/riot/riot,tipiirai,JavaScript,[Unknown],156,1004,2013/09,1660,2532,296799,240991,537790,2018-03-31 11:12:56,1.5253,212,107,12902,972,166,17.08,24,1843,1.1102,98.70,98.70,21,21,36,28,65,13,36,96,16
bcit-ci/CodeIgniter,https://github.com/bcit-ci/CodeIgniter,[Account removed],PHP,MIT,0,3075,2011/08,2430,5524,224614,210592,435206,2018-03-22 15:00:47,2.2733,78,35,15950,7339,363,4.95,86,2848,1.1720,96.98,96.98,17,17,17,73,30,20,22,137,17
yesodweb/yesod,https://github.com/yesodweb/yesod,[Account removed],Haskell,MIT,0,1604,2009/06,3212,3763,290601,272160,562761,2018-04-04 09:11:00,1.1715,149,771,1910,313,186,59.42,123,925,0.2880,86.70,86.70,61,61,27,3,51,68,44,18,18
playframework/playframework,https://github.com/playframework/playframework,guillaumebort,Scala,Apache-2.0,480,2105,2011/09,2411,4748,759573,624127,1383700,2018-04-06 16:20:04,1.9693,291,143,10323,3511,405,11.54,368,2985,1.2381,87.67,87.67,27,27,22,20,40,66,28,111,19
django/django,https://github.com/django/django,jacobian,Python,[Unknown],2227,11909,2012/04,2177,21440,2712808,2057602,4770410,2018-01-03 06:40:14,9.8484,222,184,33053,13996,409,2.92,0,0,0.0000,0.00,0.00,9,9,3,15,12,150,2,145,20
ractivejs/ractive,https://github.com/ractivejs/ractive,Rich-Harris,JavaScript,MIT,1558,1962,2012/07,2083,4342,2065665,2086357,4152022,2018-04-06 21:27:04,2.0845,956,48,5489,440,54,12.27,46,2192,1.0523,97.90,97.90,38,38,23,56,42,17,25,107,21
yiisoft/yii2,https://github.com/yiisoft/yii2,qiangxue,PHP,[Unknown],2458,6267,2012/02,2252,12242,1665144,1059618,2724762,2018-04-07 08:53:26,5.4361,222,29,11812,6380,366,5.74,917,10023,4.4507,90.85,90.85,23,23,7,84,19,51,12,132,22
sinatra/sinatra,https://github.com/sinatra/sinatra,[Account removed],Ruby,MIT,0,9094,2009/01,3377,2502,108573,60254,168827,2018-04-01 22:35:02,0.7409,67,129,9913,1776,354,19.93,72,675,0.1999,89.33,89.33,29,29,37,23,16,60,72,85,23
nette/nette,https://github.com/nette/nette,dg,PHP,[Unknown],510,1812,2009/08,3165,4146,531421,531196,1062617,2017-02-10 13:34:37,1.3100,256,69,1231,265,107,40.38,21,664,0.2098,96.84,96.84,73,73,25,42,48,23,41,32,24
hexojs/hexo,https://github.com/hexojs/hexo,tommy351,JavaScript,MIT,1621,2445,2012/09,2029,2108,178635,157151,335786,2018-04-10 05:29:12,1.0389,159,129,21545,3028,120,3.96,204,2761,1.3608,92.61,92.61,12,12,43,22,37,42,50,139,25
nuxt/nuxt.js,https://github.com/nuxt/nuxt.js,Atinux,JavaScript,MIT,677,1882,2016/10,535,2305,120221,86557,206778,2018-04-11 14:53:02,4.3084,89,94,11379,863,108,12.51,388,2799,5.2318,86.14,86.14,26,26,39,31,46,72,13,105,26
Pylons/pyramid,https://github.com/Pylons/pyramid,[Account removed],Python,[Unknown],0,659,2010/10,2728,6045,358647,290001,648648,2018-03-18 21:36:05,2.2159,107,130,2715,790,247,31.27,92,910,0.3336,89.89,89.89,53,53,14,21,85,58,24,54,27
phalcon/cphalcon,https://github.com/phalcon/cphalcon,[Account removed],PHP,[Unknown],0,1132,2011/11,2331,5907,23263455,23325497,46588952,2018-03-06 16:54:39,2.5341,7887,88,8834,1673,218,13.03,650,3804,1.6319,82.91,82.91,35,35,15,32,61,80,20,102,28
jashkenas/backbone,https://github.com/jashkenas/backbone,jashkenas,JavaScript,MIT,11366,13626,2010/09,2752,2117,161214,122170,283384,2017-12-05 19:21:48,0.7693,133,30,27088,5765,295,5.12,79,2387,0.8674,96.69,96.69,10,10,42,83,9,24,69,134,29
pallets/flask,https://github.com/pallets/flask,mitsuhiko,Python,[Unknown],10684,33421,2010/04,2930,1957,74116,45505,119621,2018-03-22 19:06:05,0.6679,61,21,34523,10590,408,3.85,26,1416,0.4833,98.16,98.16,8,8,47,95,3,16,77,140,30
ratpack/ratpack,https://github.com/ratpack/ratpack,Vossy,Java,[Unknown],16,1137,2013/01,1907,4847,625517,491667,1117184,2018-04-07 20:55:42,2.5417,230,56,1679,341,114,33.43,146,952,0.4992,84.66,84.66,66,66,20,50,59,76,19,49,31
MithrilJS/mithril.js,https://github.com/MithrilJS/mithril.js,lhorie,JavaScript,MIT,428,909,2014/03,1489,1664,360396,490456,850852,2018-03-28 06:40:11,1.1175,511,52,8504,657,208,31.66,143,1215,0.8160,88.23,88.23,36,36,54,54,70,63,45,52,32
jeremyevans/roda,https://github.com/jeremyevans/roda,soveran,Ruby,MIT,718,1885,2014/07,1363,1101,48999,21211,70210,2018-03-26 17:48:29,0.8078,63,43,1031,76,50,65.79,0,51,0.0374,100.00,100.00,78,78,70,62,45,4,64,13,33
slimphp/Slim,https://github.com/slimphp/Slim,[Account removed],PHP,MIT,0,4445,2010/09,2762,1498,158427,150919,309346,2018-02-14 16:32:04,0.5424,206,82,8859,1754,177,10.09,70,1322,0.4786,94.70,94.70,33,33,60,35,22,29,85,118,34
tornadoweb/tornado,https://github.com/tornadoweb/tornado,[Account removed],Python,Apache-2.0,0,3704,2009/09,3139,2636,110254,57954,168208,2018-04-08 00:45:03,0.8398,63,51,15497,4523,280,6.19,195,1324,0.4218,85.27,85.27,18,18,35,55,26,74,61,131,35
developit/preact,https://github.com/developit/preact,developit,JavaScript,MIT,3842,4558,2015/09,946,923,15994,8755,24749,2018-03-29 18:36:10,0.9757,26,116,18307,889,127,14.29,180,622,0.6575,71.06,71.06,14,14,81,24,21,113,54,99,36
hyperapp/hyperapp,https://github.com/hyperapp/hyperapp,jorgebucaran,JavaScript,MIT,314,669,2017/01,449,789,41797,40211,82008,2018-04-06 14:17:30,1.7572,103,56,12047,564,68,12.06,19,371,0.8263,94.88,94.88,22,22,88,49,84,28,32,108,37
gobuffalo/buffalo,https://github.com/gobuffalo/buffalo,markbates,Go,MIT,591,2035,2014/10,1270,1273,720735,695059,1415794,2018-02-28 20:57:10,1.0024,1112,39,2617,194,72,37.11,48,482,0.3795,90.04,90.04,55,55,66,69,41,57,53,41,38
vaadin/framework,https://github.com/vaadin/framework,jojule,Java,[Unknown],54,623,2012/10,2003,15520,4468101,3745945,8214046,2018-04-05 08:29:40,7.7484,529,203,1328,611,157,25.70,3161,9237,4.6116,65.78,65.78,71,71,6,13,92,118,4,71,39
hanami/hanami,https://github.com/hanami/hanami,jodosha,Ruby,MIT,557,1636,2013/08,1709,1031,77143,57519,134662,2018-03-30 10:22:44,0.6033,130,34,4502,435,126,28.97,12,384,0.2247,96.88,96.88,43,43,75,77,50,22,82,59,40
scalatra/scalatra,https://github.com/scalatra/scalatra,[Account removed],Scala,[Unknown],0,3033,2009/05,3240,2224,156601,139670,296271,2018-04-06 02:37:31,0.6864,133,112,2270,329,93,28.27,92,393,0.1213,76.59,76.59,58,58,40,25,31,101,76,63,41
enyojs/enyo,https://github.com/enyojs/enyo,[Account removed],JavaScript,Apache-2.0,0,581,2011/12,2312,2066,542416,545565,1087981,2016-08-31 00:35:04,0.8936,526,860,1950,294,80,27.21,10,78,0.0337,87.18,87.18,60,60,44,2,99,67,57,68,42
lift/framework,https://github.com/lift/framework,indrajitr,Scala,Apache-2.0,55,833,2011/01,2635,2773,448463,292398,740861,2018-03-29 22:00:19,1.0524,267,70,1148,267,80,29.96,143,1453,0.5514,90.16,90.16,75,75,34,40,74,55,49,56,43
nova-framework/framework,https://github.com/nova-framework/framework,daveismyname,PHP,MIT,184,253,2014/04,1462,3870,391881,295169,687050,2018-02-07 09:33:36,2.6471,177,367,420,235,51,21.70,0,236,0.1614,100.00,100.00,105,105,26,4,121,8,16,77,44
astaxie/beego,https://github.com/astaxie/beego,astaxie,Go,[Unknown],9715,11099,2012/02,2236,2031,96138,50421,146559,2017-12-18 11:18:59,0.9083,72,23,14772,3233,231,7.15,461,2092,0.9356,77.96,77.96,19,19,45,87,14,96,56,126,45
vibe-d/vibe.d,https://github.com/vibe-d/vibe.d,s-ludwig,D,[Unknown],86,629,2012/04,2185,4297,304304,236376,540680,2018-04-05 16:12:43,1.9666,125,163,913,264,151,57.20,398,1145,0.5240,65.24,65.24,81,81,24,18,90,119,29,20,46
totaljs/framework,https://github.com/totaljs/framework,petersirka,JavaScript,[Unknown],278,337,2012/12,1945,3449,202727,157642,360369,2018-02-24 19:02:53,1.7733,104,47,3655,408,20,4.90,0,499,0.2566,100.00,100.00,47,47,31,57,115,2,31,138,47
skinny-framework/skinny-framework,https://github.com/skinny-framework/skinny-framework,seratch,Scala,MIT,315,1289,2013/09,1663,1550,183692,113385,297077,2018-04-11 05:11:35,0.9321,191,166,667,68,26,38.24,16,141,0.0848,88.65,88.65,94,94,56,16,54,62,55,38,48
luvit/luvit,https://github.com/luvit/luvit,creationix,Lua,Apache-2.0,4237,6582,2011/09,2407,1530,236280,279382,515662,2018-01-22 15:55:48,0.6356,337,100,2785,305,63,20.66,82,348,0.1446,76.44,76.44,52,52,58,29,18,103,79,81,49
primefaces/primefaces,https://github.com/primefaces/primefaces,cagataycivici,JavaScript,Apache-2.0,367,825,2015/04,1099,6865,795547,541352,1336899,2018-04-06 13:09:51,6.2466,194,58,823,418,88,21.05,585,2997,2.7270,80.48,80.48,85,85,12,47,75,85,7,79,50
twitter/finatra,https://github.com/twitter/finatra,capotej,Scala,Apache-2.0,104,604,2012/02,2248,1440,255182,190614,445796,2018-04-10 20:09:10,0.6406,309,77,1738,328,114,34.76,14,257,0.1143,94.55,94.55,64,64,61,37,95,31,78,47,51
labstack/echo,https://github.com/labstack/echo,vishr,Go,MIT,274,883,2015/03,1140,991,422904,414661,837565,2018-04-03 15:04:28,0.8693,845,56,9958,853,100,11.72,106,749,0.6570,85.85,85.85,28,28,76,48,72,73,59,109,52
zotonic/zotonic,https://github.com/zotonic/zotonic,[Account removed],Erlang,Apache-2.0,0,431,2011/06,2506,6341,2406108,2094690,4500798,2018-04-03 15:10:08,2.5303,709,80,557,165,62,37.58,254,1359,0.5423,81.31,81.31,98,98,13,36,107,82,21,39,53
voltrb/volt,https://github.com/voltrb/volt,ryanstout,Ruby,MIT,184,621,2014/01,1555,1688,132624,93161,225785,2016-01-12 13:01:46,1.0855,133,164,3305,216,61,28.24,76,198,0.1273,61.62,61.62,50,50,53,17,93,128,46,64,54
web2py/web2py,https://github.com/web2py/web2py,mdipierro,Python,[Unknown],423,803,2008/11,3445,5413,602980,330741,933721,2018-04-03 05:22:19,1.5713,172,67,1572,751,147,19.57,176,714,0.2073,75.35,75.35,69,69,19,43,76,104,35,87,55
ktorio/ktor,https://github.com/ktorio/ktor,orangy,Kotlin,Apache-2.0,87,1456,2015/08,985,1899,257054,200055,457109,2018-04-11 14:01:05,1.9279,240,45,2569,199,38,19.10,85,290,0.2944,70.69,70.69,56,56,49,58,53,114,30,91,56
jooby-project/jooby,https://github.com/jooby-project/jooby,jknack,Java,Apache-2.0,113,702,2014/10,1272,1304,3401424,2005032,5406456,2018-04-07 14:39:01,1.0252,4146,53,747,111,34,30.63,39,859,0.6753,95.46,95.46,91,91,64,53,83,26,51,55,57
SergioBenitez/Rocket,https://github.com/SergioBenitez/Rocket,SergioBenitez,Rust,[Unknown],338,654,2016/03,757,957,71424,33274,104698,2018-04-08 23:14:15,1.2642,109,34,4223,276,80,28.99,97,438,0.5786,77.85,77.85,44,44,79,76,86,97,42,58,58
kataras/iris,https://github.com/kataras/iris,kataras,Go,BSD-3-Clause,232,380,2016/01,805,1071,2203649,1465504,3669153,2018-04-03 10:07:23,1.3304,3425,21,9817,999,34,3.40,4,805,1.0000,99.50,99.50,30,30,72,92,112,11,39,143,59
bottlepy/bottle,https://github.com/bottlepy/bottle,defnull,Python,MIT,770,2843,2009/06,3210,1369,112108,49273,161381,2018-03-13 11:37:10,0.4265,117,70,5363,1097,153,13.95,252,672,0.2093,62.50,62.50,39,39,62,41,32,123,94,101,60
synrc/n2o,https://github.com/synrc/n2o,5HT,Erlang,[Unknown],386,875,2013/03,1842,1319,96081,106403,202484,2017-09-11 12:59:04,0.7161,153,19,1092,150,47,31.33,4,106,0.0575,96.23,96.23,76,76,63,98,73,25,74,53,61
ninenines/cowboy,https://github.com/ninenines/cowboy,[Account removed],Erlang,ISC,0,1135,2011/03,2592,1176,124622,74259,198881,2018-04-06 15:39:48,0.4537,169,41,4862,912,98,10.75,104,882,0.3403,88.21,88.21,40,40,67,66,60,64,90,115,62
unfiltered/unfiltered,https://github.com/unfiltered/unfiltered,n8han,Scala,MIT,347,1822,2010/05,2887,1769,62862,54891,117753,2018-04-06 07:48:11,0.6127,66,40,694,121,61,50.41,35,170,0.0589,79.41,79.41,92,92,52,68,47,93,81,21,63
knockout/knockout,https://github.com/knockout/knockout,SteveSanderson,JavaScript,[Unknown],1417,2656,2010/07,2840,1302,94030,63218,157248,2018-04-01 00:50:35,0.4585,120,40,8834,1472,75,5.10,349,1738,0.6120,79.92,79.92,34,34,65,67,34,92,88,135,64
channelcat/sanic,https://github.com/channelcat/sanic,channelcat,Python,MIT,240,648,2016/05,688,909,26089,12094,38183,2018-04-02 03:53:08,1.3212,42,20,8977,838,168,20.05,137,536,0.7791,74.44,74.44,32,32,83,96,88,107,40,84,65
revel/revel,https://github.com/revel/revel,robfig,Go,MIT,399,733,2011/12,2318,1055,69445,58947,128392,2018-03-21 16:43:36,0.4551,121,21,9682,1233,120,9.73,65,816,0.3520,92.03,92.03,31,31,73,93,81,46,89,119,66
actix/actix-web,https://github.com/actix/actix-web,fafhrd91,Rust,[Unknown],114,557,2017/09,196,1073,86290,47839,134129,2018-04-08 18:05:37,5.4745,125,17,764,56,25,44.64,20,107,0.5459,81.31,81.31,89,89,71,100,100,83,11,26,67
leafo/lapis,https://github.com/leafo/lapis,leafo,MoonScript,[Unknown],992,1530,2012/10,2019,1509,65497,28790,94287,2018-04-02 22:48:55,0.7474,62,31,1905,186,41,22.04,126,491,0.2432,74.34,74.34,62,62,59,80,52,108,71,75,68
http4k/http4k,https://github.com/http4k/http4k,s4nchez,Kotlin,Apache-2.0,27,484,2017/03,386,2200,133229,98936,232165,2018-04-06 19:37:14,5.6995,105,0,392,35,21,60.00,4,55,0.1425,92.73,92.73,107,107,41,149,105,40,9,16,69
gin-gonic/gin,https://github.com/gin-gonic/gin,manucorporat,Go,MIT,515,2755,2014/06,1397,771,25508,11118,36626,2018-03-29 06:33:07,0.5519,47,15,16220,1896,146,7.70,213,851,0.6092,74.97,74.97,16,16,90,106,33,105,84,125,70
civetweb/civetweb,https://github.com/civetweb/civetweb,cpq,C,[Unknown],169,359,2013/10,1651,3400,1526677,530526,2057203,2018-04-08 21:38:12,2.0594,605,11,823,395,118,29.87,43,361,0.2187,88.09,88.09,84,84,32,114,114,65,26,57,71
Ramaze/ramaze,https://github.com/Ramaze/ramaze,manveru,Ruby,[Unknown],218,1279,2010/04,2924,3134,236667,186683,423350,2016-05-16 12:59:51,1.0718,135,11,343,34,50,147.06,14,55,0.0188,74.55,74.55,110,110,33,112,56,106,47,2,72
snapframework/snap-core,https://github.com/snapframework/snap-core,gregorycollins,Haskell,BSD-3-Clause,136,1068,2010/05,2884,793,43320,26669,69989,2018-03-19 22:16:23,0.2750,88,74,294,70,43,61.43,16,193,0.0669,91.71,91.71,115,115,87,39,64,48,110,14,73
cutelyst/cutelyst,https://github.com/cutelyst/cutelyst,dantti,C++,LGPL-2.1,19,35,2015/06,1045,1771,156679,79499,236178,2018-04-07 23:12:54,1.6947,133,43,361,29,5,17.24,0,52,0.0498,100.00,100.00,108,108,51,61,149,5,33,95,74
iron/iron,https://github.com/iron/iron,reem,Rust,MIT,533,1926,2014/06,1403,620,11620,8825,20445,2018-02-09 17:56:17,0.4419,32,7,4852,351,77,21.94,62,241,0.1718,74.27,74.27,41,41,96,121,43,109,92,76,75
lets-blade/blade,https://github.com/lets-blade/blade,biezhi,Java,Apache-2.0,2249,2466,2015/06,1039,323,77253,56319,133572,2018-04-04 06:42:40,0.3109,413,24,3565,777,12,1.54,9,127,0.1222,92.91,92.91,48,48,113,86,36,37,105,150,76
ninjaframework/ninja,https://github.com/ninjaframework/ninja,[Account removed],Java,Apache-2.0,0,783,2012/06,2134,1053,281443,242702,524145,2018-03-18 22:13:48,0.4934,497,95,1767,503,63,12.52,123,289,0.1354,57.44,57.44,63,63,74,30,77,132,87,104,77
outr/youi,https://github.com/outr/youi,darkfrog26,Scala,MIT,42,224,2012/06,2118,1627,565272,528398,1093670,2018-04-09 02:38:52,0.7682,672,63,122,21,6,28.57,0,31,0.0146,100.00,100.00,136,136,55,44,123,6,70,61,78
jorisvink/kore,https://github.com/jorisvink/kore,jorisvink,C,[Unknown],107,221,2013/06,1774,1112,48636,25208,73844,2018-04-04 07:34:18,0.6268,66,6,2707,249,29,11.65,4,152,0.0857,97.37,97.37,54,54,69,124,124,19,80,110,79
ThoughtWorksInc/Binding.scala,https://github.com/ThoughtWorksInc/Binding.scala,Atry,Scala,MIT,632,1922,2016/01,829,664,26548,19430,45978,2018-04-11 06:12:58,0.8010,69,60,1212,88,11,12.50,26,57,0.0688,54.39,54.39,74,74,95,46,44,134,65,106,80
soveran/cuba,https://github.com/soveran/cuba,soveran,Ruby,MIT,718,3399,2010/04,2911,263,6062,2754,8816,2018-01-17 21:52:15,0.0903,33,36,1290,177,25,14.12,3,39,0.0134,92.31,92.31,72,72,117,71,28,44,135,100,81
pippo-java/pippo,https://github.com/pippo-java/pippo,decebals,Java,Apache-2.0,87,600,2014/10,1262,989,96378,59899,156277,2018-03-27 18:13:57,0.7837,158,23,658,88,18,20.45,13,180,0.1426,92.78,92.78,95,95,77,88,96,39,68,83,82
microjs/microjs.com,https://github.com/microjs/microjs.com,madrobby,JavaScript,MIT,2445,12349,2011/04,2542,767,38869,31058,69927,2017-11-19 15:05:30,0.3017,91,0,1665,628,414,65.92,49,102,0.0401,51.96,51.96,67,67,91,148,11,140,106,12,83
kernelsauce/turbo,https://github.com/kernelsauce/turbo,kernelsauce,Lua,Apache-2.0,32,389,2012/01,2274,1147,88277,61073,149350,2018-02-15 19:07:48,0.5044,130,33,401,69,29,42.03,20,182,0.0800,89.01,89.01,106,106,68,78,108,61,86,30,84
lpereira/lwan,https://github.com/lpereira/lwan,lpereira,C,GPL-2.0,353,738,2012/01,2268,1866,98474,74117,172591,2018-04-08 17:55:15,0.8228,92,1,4152,487,31,6.37,38,162,0.0714,76.54,76.54,45,45,50,141,80,102,63,129,85
go-chi/chi,https://github.com/go-chi/chi,[Account removed],Go,MIT,0,937,2015/10,911,149,4480,1955,6435,2018-02-02 19:41:35,0.1636,43,17,3334,233,45,19.31,16,185,0.2031,91.35,91.35,49,49,132,101,68,49,122,88,86
go-macaron/macaron,https://github.com/go-macaron/macaron,Unknwon,Go,Apache-2.0,5852,6746,2014/07,1374,203,11262,5248,16510,2018-03-06 06:20:08,0.1477,81,21,2305,215,15,6.98,12,126,0.0917,90.48,90.48,57,57,125,94,17,54,126,128,87
nickel-org/nickel.rs,https://github.com/nickel-org/nickel.rs,cburgdorf,Rust,MIT,312,717,2014/06,1410,517,20718,14077,34795,2018-03-23 15:38:09,0.3667,67,12,2054,145,53,36.55,59,223,0.1582,73.54,73.54,59,59,98,110,82,110,98,43,88
huntlabs/hunt,https://github.com/huntlabs/hunt,viile,D,[Unknown],35,220,2016/05,704,486,70434,61826,132260,2018-04-10 21:28:13,0.6903,272,110,45,11,10,90.91,2,31,0.0440,93.55,93.55,145,145,102,26,125,35,75,7,89
rack-app/rack-app,https://github.com/rack-app/rack-app,adamluzsi,Ruby,Apache-2.0,29,176,2015/10,924,514,20359,11204,31563,2017-11-26 08:07:32,0.5563,61,107,342,12,7,58.33,3,19,0.0206,84.21,84.21,111,111,99,27,135,78,83,19,90
treefrogframework/treefrog-framework,https://github.com/treefrogframework/treefrog-framework,[Account removed],C++,BSD-3-Clause,0,627,2012/12,1953,1531,477664,99386,577050,2018-04-01 15:12:14,0.7839,376,24,476,116,15,12.93,12,121,0.0620,90.08,90.08,103,103,57,85,91,56,67,103,91
TurboGears/tg2,https://github.com/TurboGears/tg2,invalid-email-address,Python,[Unknown],718,1176,2011/02,2612,828,37026,20660,57686,2018-04-06 12:37:26,0.3170,69,34,236,58,26,44.83,11,73,0.0279,84.93,84.93,124,124,85,75,58,75,104,25,92
pakyow/pakyow,https://github.com/pakyow/pakyow,bryanp,Ruby,MIT,49,210,2010/10,2745,1978,162190,110535,272725,2018-03-12 22:37:46,0.7206,137,16,785,69,19,27.54,28,157,0.0572,82.17,82.17,87,87,46,104,128,81,73,67,93
mochi/mochiweb,https://github.com/mochi/mochiweb,mdempsky,Erlang,[Unknown],161,1176,2010/05,2884,408,24291,7648,31939,2017-08-12 23:31:36,0.1415,78,36,1593,426,49,11.50,14,101,0.0350,86.14,86.14,68,68,108,72,57,71,127,112,94
ChicagoBoss/ChicagoBoss,https://github.com/ChicagoBoss/ChicagoBoss,[Account removed],Erlang,MIT,0,760,2009/10,3114,860,218177,191700,409877,2017-10-13 13:24:19,0.2762,476,17,1711,305,63,20.66,72,319,0.1024,77.43,77.43,65,65,84,102,79,99,109,82,95
Wardrop/Scorched,https://github.com/Wardrop/Scorched,Wardrop,Ruby,MIT,7,940,2012/08,2073,134,6960,3181,10141,2017-07-27 02:06:38,0.0646,75,53,239,12,8,66.67,2,28,0.0135,92.86,92.86,122,122,134,52,67,38,141,11,96
ruby-hyperloop/hyper-react,https://github.com/ruby-hyperloop/hyper-react,zetachang,Ruby,MIT,116,327,2016/06,674,686,294598,283165,577763,2018-02-28 19:20:24,1.0178,842,32,283,10,14,140.00,69,247,0.3665,72.06,72.06,118,118,93,79,116,111,52,3,97
sugar-framework/sugar,https://github.com/sugar-framework/sugar,slogsdon,Elixir,MIT,93,4019,2014/01,1550,215,7898,4864,12762,2017-02-07 03:56:12,0.1387,59,13,359,28,13,46.43,8,60,0.0387,86.67,86.67,109,109,121,108,24,69,128,23,98
tumblr/colossus,https://github.com/tumblr/colossus,CaptPhunkosis,Scala,Apache-2.0,31,173,2014/11,1250,124,12224,6474,18698,2018-01-24 16:16:44,0.0992,150,85,1050,95,17,17.89,1,266,0.2128,99.62,99.62,77,77,135,34,136,10,132,94,99
gotham-rs/gotham,https://github.com/gotham-rs/gotham,smangelsdorf,Rust,[Unknown],12,271,2017/07,266,692,53153,33072,86225,2018-04-06 09:54:13,2.6015,124,5,813,51,19,37.25,41,87,0.3271,52.87,52.87,86,86,92,126,119,138,18,40,100
leocavalcante/siler,https://github.com/leocavalcante/siler,leocavalcante,PHP,MIT,101,485,2016/12,498,393,46836,35251,82087,2018-03-22 13:23:10,0.7892,208,1,307,25,11,44.00,2,30,0.0602,93.33,93.33,114,114,109,137,104,36,66,28,101
agrafix/Spock,https://github.com/agrafix/Spock,agrafix,Haskell,[Unknown],123,537,2013/09,1681,426,21346,14577,35923,2017-10-15 16:48:15,0.2534,84,37,473,43,20,46.51,22,99,0.0589,77.78,77.78,104,104,105,70,101,98,112,22,102
kittoframework/kitto,https://github.com/kittoframework/kitto,Zorbash,Elixir,MIT,69,383,2016/05,703,295,8395,2152,10547,2018-03-24 22:10:13,0.4196,35,21,679,42,15,35.71,13,66,0.0939,80.30,80.30,93,93,115,91,110,86,95,45,103
hypercube1024/firefly,https://github.com/hypercube1024/firefly,hypercube1024,Java,Apache-2.0,30,30,2012/02,2249,1928,367318,228350,595668,2018-03-31 07:57:42,0.8573,308,42,222,118,1,0.85,0,9,0.0040,100.00,100.00,126,126,48,64,150,7,60,152,104
nitrogen/nitrogen,https://github.com/nitrogen/nitrogen,[Account removed],Erlang,MIT,0,518,2008/10,3455,787,174984,172479,347463,2018-04-07 14:37:53,0.2278,441,12,839,151,29,19.21,8,58,0.0168,86.21,86.21,82,82,89,111,102,70,114,89,105
bootique/bootique,https://github.com/bootique/bootique,andrus,Java,Apache-2.0,49,202,2015/12,856,913,67389,44568,111957,2018-04-07 12:02:03,1.0666,122,21,1017,235,8,3.40,32,160,0.1869,80.00,80.00,79,79,82,90,131,91,48,142,106
plotly/dash,https://github.com/plotly/dash,chriddyp,Python,MIT,225,963,2015/04,1100,410,116618,111482,228100,2018-04-03 15:41:17,0.3727,556,4,4576,422,15,3.55,67,189,0.1718,64.55,64.55,42,42,107,129,66,121,97,141,107
Ogeon/rustful,https://github.com/Ogeon/rustful,Ogeon,Rust,[Unknown],33,459,2014/02,1520,441,30069,19625,49694,2017-07-16 20:01:09,0.2901,112,0,839,50,13,26.00,6,65,0.0428,90.77,90.77,83,83,103,145,106,52,108,70,108
pradosoft/prado,https://github.com/pradosoft/prado,[Account removed],PHP,[Unknown],0,56,2013/03,1870,670,305906,666394,972300,2018-03-30 20:55:31,0.3583,1451,45,138,60,13,21.67,34,628,0.3358,94.59,94.59,133,133,94,59,147,30,99,78,109
davidmoreno/onion,https://github.com/davidmoreno/onion,davidmoreno,C,[Unknown],61,205,2010/10,2749,979,89132,43906,133038,2018-02-01 20:09:56,0.3561,135,11,1356,181,28,15.47,31,108,0.0393,71.30,71.30,70,70,78,116,130,112,100,97,110
camping/camping,https://github.com/camping/camping,[Account removed],Ruby,[Unknown],0,887,2009/08,3158,303,7850,6957,14807,2018-04-02 14:47:37,0.0959,48,11,598,75,29,38.67,23,77,0.0244,70.13,70.13,97,97,114,113,71,115,133,37,111
sailorproject/sailor,https://github.com/sailorproject/sailor,Etiene,Lua,MIT,253,1094,2014/01,1563,509,176643,139297,315940,2018-01-14 22:43:47,0.3257,620,6,781,121,24,19.83,42,90,0.0576,53.33,53.33,88,88,100,123,62,136,102,86,112
UdashFramework/udash-core,https://github.com/UdashFramework/udash-core,Starzu,Scala,Apache-2.0,13,132,2016/02,779,348,89395,37645,127040,2018-04-09 12:48:16,0.4467,365,30,290,18,7,38.89,7,32,0.0411,78.12,78.12,116,116,111,82,143,95,91,36,113
rustless/rustless,https://github.com/rustless/rustless,s-panferov,Rust,MIT,101,915,2014/09,1299,219,12772,8515,21287,2018-03-07 23:15:05,0.1686,97,4,495,41,15,36.59,20,57,0.0439,64.91,64.91,100,100,120,130,69,120,121,42,114
mesosphere/chaos,https://github.com/mesosphere/chaos,florianleibert,Scala,Apache-2.0,104,780,2013/06,1754,186,4314,2494,6808,2017-10-02 21:47:24,0.1060,36,42,228,36,16,44.44,13,28,0.0160,53.57,53.57,125,125,126,63,78,135,131,27,115
TinyMission/kara,https://github.com/TinyMission/kara,ajselvig,Kotlin,[Unknown],3,2337,2012/12,1941,585,85818,68164,153982,2017-01-20 10:30:09,0.3014,263,0,479,76,17,22.37,0,0,0.0000,0.00,0.00,102,102,97,143,38,149,107,73,116
tomaka/rouille,https://github.com/tomaka/rouille,tomaka,Rust,[Unknown],520,1280,2015/07,1004,247,13216,4628,17844,2018-03-07 09:45:41,0.2460,72,0,315,31,19,61.29,25,53,0.0528,52.83,52.83,113,113,118,147,55,139,113,15,117
wasabifx/wasabi,https://github.com/wasabifx/wasabi,hhariri,Kotlin,[Unknown],863,1073,2013/03,1846,411,103429,77156,180585,2017-07-16 23:52:54,0.2226,439,1,483,63,18,28.57,23,51,0.0276,54.90,54.90,101,101,106,138,63,133,115,60,118
adamdruppe/arsd,https://github.com/adamdruppe/arsd,adamdruppe,D,[Unknown],75,259,2011/07,2465,805,142269,24723,166992,2018-04-07 23:01:42,0.3266,207,10,327,64,23,35.94,35,92,0.0373,61.96,61.96,112,112,86,117,120,127,101,44,119
danneu/kog,https://github.com/danneu/kog,danneu,Kotlin,[Unknown],67,651,2016/11,510,221,28316,14398,42714,2017-08-06 10:38:36,0.4333,193,35,32,3,2,66.67,12,23,0.0451,47.83,47.83,148,148,119,74,87,143,93,10,120
emweb/wt,https://github.com/emweb/wt,[Account removed],C,[Unknown],0,596,2011/11,2333,363,385503,244374,629877,2018-04-05 06:32:46,0.1556,1735,44,648,204,39,19.12,0,0,0.0000,0.00,0.00,96,96,110,60,98,152,124,90,121
appwilldev/moochine,https://github.com/appwilldev/moochine,KDr2,Lua,Apache-2.0,120,1695,2012/02,2256,159,4596,1301,5897,2014-05-28 03:36:38,0.0705,37,2,205,66,6,9.09,0,3,0.0013,100.00,100.00,128,128,128,134,49,1,139,121,122
hexedpackets/trot,https://github.com/hexedpackets/trot,hexedpackets,Elixir,Apache-2.0,10,2217,2015/05,1067,99,1867,828,2695,2018-04-04 20:30:13,0.0928,27,8,287,24,10,41.67,10,24,0.0225,58.33,58.33,117,117,140,120,39,130,134,31,123
DiamondMVC/Diamond,https://github.com/DiamondMVC/Diamond,bausshf,D,MIT,3,159,2017/10,179,149,28070,9216,37286,2018-04-08 21:28:04,0.8324,250,42,113,9,2,22.22,1,5,0.0279,80.00,80.00,137,137,131,65,138,87,62,74,124
analogweb/analogweb-scala,https://github.com/analogweb/analogweb-scala,snowgooseyk,Scala,MIT,2,7,2013/12,1577,343,9295,6296,15591,2017-12-07 14:41:47,0.2175,45,14,8,0,2,+Inf,2,27,0.0171,92.59,92.59,152,152,112,107,152,43,117,1,125
ipkn/crow,https://github.com/ipkn/crow,ipkn,C++,BSD-3-Clause,254,492,2014/03,1476,266,115452,101785,217237,2017-12-27 14:33:31,0.1802,816,1,4061,496,35,7.06,132,210,0.1423,37.14,37.14,46,46,116,139,103,145,120,127,126
Fizzadar/Luapress,https://github.com/Fizzadar/Luapress,[Account removed],Lua,MIT,0,381,2013/02,1886,153,7343,6730,14073,2017-11-18 13:03:17,0.0811,91,22,140,23,9,39.13,8,41,0.0217,80.49,80.49,132,132,130,89,111,84,136,35,127
widok/widok,https://github.com/widok/widok,tindzk,Scala,[Unknown],69,301,2014/10,1289,487,30022,24101,54123,2016-07-13 09:34:42,0.3778,111,1,127,12,9,75.00,30,80,0.0621,62.50,62.50,134,134,101,140,117,125,96,8,128
mehcode/shio-rs,https://github.com/mehcode/shio-rs,mehcode,Rust,[Unknown],117,377,2017/08,244,213,8729,5601,14330,2018-01-26 17:17:03,0.8730,67,12,237,14,4,28.57,23,34,0.1393,32.35,32.35,123,123,122,109,113,146,58,62,129
AntonFagerberg/rackla,https://github.com/AntonFagerberg/rackla,[Account removed],Elixir,[Unknown],0,133,2015/04,1095,60,2152,1651,3803,2016-09-25 13:59:39,0.0548,63,6,219,24,6,25.00,0,18,0.0164,100.00,100.00,127,127,145,122,142,9,143,72,130
keplerproject/orbit,https://github.com/keplerproject/orbit,[Account removed],Lua,[Unknown],0,639,2009/09,3127,43,5518,5163,10681,2017-09-18 18:22:08,0.0138,248,11,91,29,10,34.48,2,19,0.0061,89.47,89.47,140,140,147,115,89,59,150,48,131
kivra/giallo,https://github.com/kivra/giallo,bipthelin,Erlang,[Unknown],29,67,2013/02,1888,51,3408,1502,4910,2013-05-29 07:00:46,0.0270,96,2,62,5,2,40.00,0,1,0.0005,100.00,100.00,143,143,146,136,146,3,147,33,132
splink/pagelets,https://github.com/splink/pagelets,maxmc,Scala,Apache-2.0,4,10,2016/10,558,111,10549,7669,18218,2017-10-24 07:21:25,0.1989,164,8,70,2,2,100.00,1,5,0.0090,80.00,80.00,142,142,138,119,151,89,118,6,133
mongrel2/Tir,https://github.com/mongrel2/Tir,[Account removed],Lua,[Unknown],0,3425,2011/05,2520,29,6092,960,7052,2013-09-20 04:49:55,0.0115,243,2,255,25,7,28.00,13,16,0.0063,18.75,18.75,120,120,150,135,27,148,151,65,134
slogsdon/placid,https://github.com/slogsdon/placid,slogsdon,Elixir,MIT,93,600,2014/09,1315,71,6967,3883,10850,2017-01-25 00:41:40,0.0540,152,4,152,6,2,33.33,3,13,0.0099,76.92,76.92,130,130,142,128,97,100,146,50,135
nafg/reactive,https://github.com/nafg/reactive,nafg,Scala,[Unknown],32,208,2010/05,2878,936,73428,43278,116706,2017-12-11 21:57:20,0.3252,124,1,202,42,8,19.05,30,83,0.0288,63.86,63.86,129,129,80,142,129,122,103,92,136
AgilionApps/relax,https://github.com/AgilionApps/relax,alanpeabody,Elixir,[Unknown],43,152,2014/11,1232,67,4079,2122,6201,2016-02-22 14:44:56,0.0544,92,3,126,13,6,46.15,1,6,0.0049,83.33,83.33,135,135,144,132,139,79,144,24,137
xitrum-framework/xitrum-new,https://github.com/xitrum-framework/xitrum-new,ngocdaothanh,HTML,[Unknown],244,294,2012/02,2264,123,2377,1759,4136,2018-04-02 02:19:28,0.0543,33,5,20,5,3,60.00,3,15,0.0066,80.00,80.00,150,150,136,127,118,90,145,17,138
PHPixie/Project,https://github.com/PHPixie/Project,dracony,PHP,BSD-3-Clause,129,129,2012/12,1935,37,1892,1561,3453,2018-02-16 00:34:28,0.0191,93,16,944,110,3,2.73,7,35,0.0181,80.00,80.00,80,80,148,103,144,88,148,146,139
positiondev/fn,https://github.com/positiondev/fn,dbp,Haskell,[Unknown],51,102,2015/10,903,101,4470,2474,6944,2017-08-03 16:27:01,0.1118,68,19,25,4,4,100.00,2,5,0.0055,60.00,60.00,149,149,139,97,145,129,130,4,140
patriciomacadden/hobbit,https://github.com/patriciomacadden/hobbit,patriciomacadden,Ruby,MIT,80,213,2013/04,1828,122,3178,2093,5271,2016-02-20 18:47:36,0.0667,43,16,258,19,4,21.05,3,10,0.0055,70.00,70.00,119,119,137,105,127,116,140,80,141
tsujigiri/axiom,https://github.com/tsujigiri/axiom,tsujigiri,Erlang,MIT,61,185,2012/07,2098,134,3528,1877,5405,2015-04-28 16:09:52,0.0639,40,18,242,25,7,28.00,8,19,0.0091,57.89,57.89,121,121,133,99,134,131,142,66,142
myfreeweb/magicbane,https://github.com/myfreeweb/magicbane,myfreeweb,Haskell,Unlicense,227,389,2017/03,382,30,1127,306,1433,2018-03-12 13:49:43,0.0785,47,5,32,4,3,75.00,3,8,0.0209,62.50,62.50,147,147,149,125,109,126,137,9,143
jean79/yested,https://github.com/jean79/yested,jean79,JavaScript,MIT,3,137,2014/12,1217,164,189118,126134,315252,2018-02-06 22:20:37,0.1348,1922,31,80,19,5,26.32,15,40,0.0329,62.50,62.50,141,141,127,81,141,124,129,69,144
transient-haskell/axiom,https://github.com/transient-haskell/axiom,agocorona,Haskell,[Unknown],79,228,2015/04,1101,204,31214,28784,59998,2018-02-27 13:54:37,0.1853,294,0,44,5,5,100.00,5,10,0.0091,50.00,50.00,146,146,124,152,122,141,119,5,145
dvarelap/peregrine,https://github.com/dvarelap/peregrine,dvarelap,Scala,Apache-2.0,42,219,2015/05,1061,80,16134,9506,25640,2015-12-17 22:14:38,0.0754,320,3,12,5,2,40.00,7,32,0.0302,78.12,78.12,151,151,141,131,126,94,138,34,146
oktal/pistache,https://github.com/oktal/pistache,[Account removed],C++,Apache-2.0,0,147,2015/08,975,156,35226,23916,59142,2018-04-02 17:04:52,0.1600,379,0,764,178,19,10.67,133,172,0.1764,22.67,22.67,90,90,129,150,140,147,123,116,147
jlaine/qdjango,https://github.com/jlaine/qdjango,jlaine,C++,LGPL-2.1,26,188,2013/11,1617,427,29724,14802,44526,2018-03-07 21:32:49,0.2641,104,9,145,58,6,10.34,14,26,0.0161,46.15,46.15,131,131,104,118,133,144,111,117,148
sappworks/sapper,https://github.com/sappworks/sapper,[Account removed],Rust,MIT,0,194,2016/04,724,11,416,14,430,2018-04-03 03:49:38,0.0152,39,0,499,35,3,8.57,4,12,0.0166,66.67,66.67,99,99,152,146,132,117,149,122,149
suzaku-io/suzaku,https://github.com/suzaku-io/suzaku,ochrons,Scala,Apache-2.0,125,162,2017/01,447,69,24571,13287,37858,2017-11-12 11:19:18,0.1544,548,0,93,14,5,35.71,1,1,0.0022,0.00,0.00,139,139,143,144,137,151,125,46,150
synrc/rest,https://github.com/synrc/rest,5HT,Erlang,[Unknown],386,605,2014/03,1493,14,412,42,454,2018-04-02 12:58:28,0.0094,32,3,54,16,3,18.75,1,2,0.0013,50.00,50.00,144,144,151,133,94,142,152,93,151
kohesive/kovert,https://github.com/kohesive/kovert,apatrida,Kotlin,MIT,50,50,2015/08,966,213,14607,7500,22107,2018-04-06 08:43:57,0.2205,103,0,108,9,1,11.11,8,17,0.0176,52.94,52.94,138,138,123,151,148,137,116,114,152
