Name,URL,Author,Author's location,Main language,All used languages,Description,Total code size,License,Author's followers,Top 10 contributors followers,Created at,Age in days,Total commits,Total additions,Total deletions,Total code changes,Last commit date,Commits/day,"Average contribution period by contributor, days",Medium commit size,Total releases,Stargazers,Forks,Contributors,Active forkers(%),Returning contributors (more than 4 weeks),Open issues,Closed issues,Total issues,Issue/day,Closed issues(%),Placement by popularity,Placement by age,Placement by total commits,Placement by total tags,Placement by top 10 contributors followers,Placement by closed issues percentage,Placement by commits by day,Placement by active forkers column,Placement overall
kubernetes/kubernetes,https://github.com/kubernetes/kubernetes,jbeda,"Seattle, WA",Go,"Go(97.51),Shell(2.18),PowerShell(0.16),Makefile(0.06),Dockerfile(0.05),Python(0.03),Go Template(0.02),C(0.00),sed(0.00),HTML(0.00)",Production-Grade Container Scheduling and Management,91958862,Apache-2.0,1305,11799,2014/06,4387,138482,28870082,21999552,50869634,2026-05-23 16:26:43,31.5664,283,367,1227,122446,43150,345,0.80,1208,2699,316953,319652,72.8635,99.16,1,0,26,4,2,5,3,1,1
projectcalico/calico,https://github.com/projectcalico/calico,kelseyhightower,Washington,Go,"Go(86.55),Python(4.62),TypeScript(2.98),Shell(2.05),C(1.63),Makefile(1.30),PowerShell(0.51),CSS(0.14),Dockerfile(0.11),C++(0.08),Go Template(0.02),JavaScript(0.01),HCL(0.01),HTML(0.00)",Cloud native networking and network security,23187090,Apache-2.0,24223,26100,2016/07,3612,34546,5219391,3799883,9019274,2026-06-11 16:07:49,9.5642,210,261,2222,7245,1577,287,18.20,133,230,3028,3258,0.9020,92.94,69,0,53,2,1,43,9,17,2
containerd/containerd,https://github.com/containerd/containerd,crosbymichael,[Unknown],Go,"Go(97.70),Shell(1.70),Makefile(0.40),PowerShell(0.07),jq(0.06),Dockerfile(0.06)",An open and reliable container runtime,6500028,Apache-2.0,1637,7891,2015/11,3863,16805,5447984,3774339,9222323,2026-05-22 23:52:16,4.3502,261,548,301,20772,3938,425,10.79,126,605,32015,32620,8.4442,98.15,26,0,28,39,11,14,22,18,3
cilium/cilium,https://github.com/cilium/cilium,tgraf,"Zurich, Switzerland",Go,"Go(88.00),C(10.16),Shell(0.80),Makefile(0.35),Go Template(0.24),Python(0.24),Dockerfile(0.14),SmPL(0.05),HTML(0.01),Lua(0.01),TeX(0.00)","eBPF-based Networking, Security, and Observability",24016937,Apache-2.0,580,2973,2015/12,3830,42979,18137540,11761234,29898774,2026-05-24 01:25:28,11.2217,219,695,845,24411,3786,398,10.51,233,988,12487,13475,3.5183,92.67,21,0,49,9,40,44,8,8,4
prometheus/prometheus,https://github.com/prometheus/prometheus,matttproud,"Zürich, Schweiz",Go,"Go(87.68),TypeScript(11.09),Yacc(0.47),Shell(0.22),SCSS(0.15),CSS(0.12),JavaScript(0.08),Makefile(0.08),Lex(0.05),HTML(0.04),Dockerfile(0.01),Go Template(0.01)",The Prometheus monitoring system and time series database.,12162356,Apache-2.0,484,5530,2012/11,4947,17752,4743555,4145244,8888799,2026-05-24 09:24:06,3.5884,196,500,530,64157,10427,352,3.38,148,783,75822,76605,15.4851,98.98,4,0,62,19,19,6,31,12,5
istio/istio,https://github.com/istio/istio,smawson,"Sunnyvale, CA",Go,"Go(98.05),Shell(0.76),Makefile(0.30),CSS(0.27),Jsonnet(0.20),Go Template(0.18),HTML(0.16),Python(0.07),Dockerfile(0.01),Java(0.01),JavaScript(0.00)","Connect, secure, control, and observe services.",17548622,Apache-2.0,12,2293,2016/11,3491,26285,16065588,15158284,31223872,2026-05-24 02:44:22,7.5294,225,1187,441,38212,8310,367,4.42,269,467,27127,27594,7.9043,98.31,7,0,44,25,58,13,14,7,6
grafana/grafana,https://github.com/grafana/grafana,[Unknown account],[Unknown],TypeScript,"TypeScript(49.12),Go(44.37),PLpgSQL(4.13),CUE(0.62),Rich Text Format(0.39),JavaScript(0.30),HTML(0.29),MDX(0.23),Shell(0.21),SCSS(0.12),Makefile(0.06),Jsonnet(0.05),HCL(0.04),Dockerfile(0.03),Go Template(0.01),Starlark(0.01),Jinja(0.01),CSS(0.00),Mustache(0.00),Smarty(0.00),Ruby(0.00),Handlebars(0.00),PowerShell(0.00),Assembly(0.00)","The open and composable observability and data visualization platform. Visualize metrics, logs, and traces from multiple sources like Prometheus, Loki, Elasticsearch, InfluxDB, Postgres and many more. ",89223064,AGPL-3.0,0,2275,2013/12,4565,69940,18967817,14420819,33388636,2026-05-23 10:36:49,15.3209,201,477,700,73974,13946,370,2.65,431,3623,65565,69188,15.1562,94.76,3,0,57,13,59,33,6,2,7
grpc/grpc,https://github.com/grpc/grpc,[Unknown account],[Unknown],C++,"C++(72.41),Python(10.05),Starlark(4.30),C(3.43),Shell(2.25),Ruby(1.82),Objective-C(1.40),PHP(1.32),Cython(0.86),Objective-C++(0.60),Dockerfile(0.58),C#(0.50),Batchfile(0.13),CMake(0.09),Go(0.09),Swift(0.05),XSLT(0.03),Java(0.02),Pawn(0.02),PowerShell(0.02),Awk(0.01),JavaScript(0.01),CSS(0.00),Linker Script(0.00),HTML(0.00)","C++ based gRPC (C++, Python, Ruby, Objective-C, PHP, C#)",37563906,Apache-2.0,0,1642,2014/12,4203,58575,9255114,7441206,16696320,2026-06-11 16:55:30,13.9365,220,285,416,44877,11161,305,2.73,202,1313,89502,90815,21.6072,98.55,6,0,47,26,78,11,7,9,8
grafana/mimir,https://github.com/grafana/mimir,colega,Babia,Go,"Go(91.38),Jsonnet(5.32),Go Template(2.18),Shell(0.45),Makefile(0.23),Mustache(0.13),JavaScript(0.12),Open Policy Agent(0.11),Dockerfile(0.08),CSS(0.00),jq(0.00)","Grafana Mimir provides horizontally scalable, highly available, multi-tenant, long-term storage for Prometheus.",20546446,AGPL-3.0,92,2028,2021/07,1794,15331,13089426,8319495,21408921,2026-05-22 12:37:01,8.5457,233,1396,461,5102,772,385,49.87,122,772,1532,2304,1.2843,66.49,92,0,36,23,63,93,11,19,9
cri-o/cri-o,https://github.com/cri-o/cri-o,sarahnovotny,the interwebs,Go,"Go(79.39),Shell(19.17),Makefile(0.69),C(0.61),Nix(0.14),Dockerfile(0.00)",Open Container Initiative-based implementation of Kubernetes Container Runtime Interface,3084655,Apache-2.0,46,3607,2016/09,3562,10709,15135974,12552338,27688312,2026-05-18 14:29:11,3.0065,230,2585,295,5614,1170,323,27.61,72,107,6432,6539,1.8358,98.36,86,0,39,40,33,12,46,40,10
containers/podman,https://github.com/containers/podman,rhatdan,"Wells, ME",Go,"Go(80.66),Shell(14.27),Perl(1.94),Python(1.36),PowerShell(0.73),C(0.55),Makefile(0.42),Ruby(0.03),Dockerfile(0.03),Awk(0.01),HTML(0.00),Batchfile(0.00)",Podman: A tool for managing OCI containers and pods.,10960626,Apache-2.0,1172,2405,2017/11,3144,27517,7356495,4615516,11972011,2026-05-22 16:37:01,8.7522,174,435,262,31786,3121,419,13.43,108,1089,17277,18366,5.8416,94.07,13,0,77,49,53,37,10,21,11
tikv/tikv,https://github.com/tikv/tikv,ngaut,"Sunnyvale, CA ",Rust,"Rust(97.37),Python(1.78),Perl(0.69),Makefile(0.06),Shell(0.06),C(0.02),Dockerfile(0.01)","Distributed transactional key-value database, originally created to complement TiDB",26425172,Apache-2.0,1878,7510,2015/12,3815,8438,1580818,757566,2338384,2026-05-22 09:35:39,2.2118,318,277,326,16689,2282,389,17.05,147,1736,6722,8458,2.2170,79.48,31,0,14,35,12,81,62,13,12
vitessio/vitess,https://github.com/vitessio/vitess,sougou,[Unknown],Go,"Go(94.41),Java(2.31),TypeScript(1.86),Yacc(0.50),Shell(0.41),Python(0.15),SCSS(0.10),Assembly(0.07),Dockerfile(0.07),Makefile(0.04),CSS(0.03),JavaScript(0.02),Perl(0.01),HCL(0.01),HTML(0.00),Go Template(0.00)",Vitess is a database clustering system for horizontal scaling of MySQL.,40941927,Apache-2.0,509,2360,2013/06,4732,35414,4243124,2638108,6881232,2026-05-23 08:03:02,7.4839,255,194,286,20978,2340,325,13.89,156,968,1622,2590,0.5473,62.63,25,0,29,42,55,97,15,11,13
elastic/elasticsearch,https://github.com/elastic/elasticsearch,kimchy,[Unknown],Java,"Java(99.18),Groovy(0.22),StringTemplate(0.15),C++(0.14),Rust(0.08),TypeScript(0.08),Shell(0.06),ANTLR(0.04),Dockerfile(0.02),Batchfile(0.01),Python(0.01),Makefile(0.01),PowerShell(0.00),C(0.00),CSS(0.00),Emacs Lisp(0.00),AMPL(0.00),HTML(0.00),JavaScript(0.00),Mustache(0.00),FreeMarker(0.00)","Free and Open Source, Distributed, RESTful Search Engine",254471185,NOASSERTION,1326,2776,2010/02,5967,101154,17063900,9041162,26105062,2026-06-11 21:15:15,16.9522,295,258,497,76942,25839,353,1.37,418,5833,0,5833,0.9775,0.00,2,0,24,20,43,149,5,3,14
VictoriaMetrics/VictoriaMetrics,https://github.com/VictoriaMetrics/VictoriaMetrics,valyala,United states,Go,"Go(87.15),TypeScript(9.57),SCSS(1.54),Makefile(0.91),Shell(0.56),JavaScript(0.07),Dockerfile(0.07),HTML(0.06),HCL(0.04),CSS(0.02),Go Template(0.01),Perl(0.01)","VictoriaMetrics: fast, cost-effective monitoring solution and time series database",8598022,Apache-2.0,3887,4825,2018/09,2811,12509,5139296,2758370,7897666,2026-05-22 15:05:50,4.4500,157,631,992,17049,1650,371,22.48,51,771,4146,4917,1.7492,84.32,29,0,100,6,25,70,21,52,15
backstage/backstage,https://github.com/backstage/backstage,stefanalund,Sweden,TypeScript,"TypeScript(93.84),JavaScript(2.07),MDX(2.04),CSS(1.49),Handlebars(0.28),Mustache(0.08),SCSS(0.06),Dockerfile(0.05),HTML(0.05),Shell(0.03),Makefile(0.02),HCL(0.01),PowerShell(0.00)",Backstage is an open framework for building developer portals,28961721,Apache-2.0,120,1610,2020/01,2329,74402,5985575,3655377,9640952,2026-05-23 10:16:16,31.9459,140,129,675,33422,7344,364,4.96,412,489,7971,8460,3.6325,94.22,10,0,119,14,81,36,2,4,16
envoyproxy/envoy,https://github.com/envoyproxy/envoy,[Unknown account],[Unknown],C++,"C++(87.65),Starlark(4.68),Java(1.87),Rust(1.65),Python(0.80),Go(0.78),C(0.62),Assembly(0.44),Shell(0.42),Kotlin(0.42),Swift(0.33),Objective-C++(0.09),JavaScript(0.09),Objective-C(0.07),Jinja(0.06),jq(0.02),HTML(0.01),CSS(0.00),Dockerfile(0.00),Emacs Lisp(0.00),Thrift(0.00),PureBasic(0.00),Batchfile(0.00),Makefile(0.00)",Cloud-native high-performance edge/middle/service proxy,75167844,Apache-2.0,0,1381,2016/08,3594,27565,4420425,1898311,6318736,2026-05-24 12:39:53,7.6697,297,229,262,28260,5397,374,6.93,351,1817,10815,12632,3.5147,85.62,16,0,23,51,92,68,13,5,17
etcd-io/etcd,https://github.com/etcd-io/etcd,[Unknown account],[Unknown],Go,"Go(95.95),Shell(2.44),Jsonnet(0.98),Makefile(0.41),Procfile(0.14),Dockerfile(0.08)",Distributed reliable key-value store for the most critical data of a distributed system,6028357,Apache-2.0,0,2738,2013/07,4723,24937,2573525,2256209,4829734,2026-05-23 19:30:37,5.2799,116,193,838,51734,10367,374,3.61,117,251,19274,19525,4.1340,98.71,5,0,148,11,45,9,19,20,18
opensearch-project/OpenSearch,https://github.com/opensearch-project/OpenSearch,kimchy,[Unknown],Java,"Java(96.88),Rust(2.81),Groovy(0.23),Shell(0.04),Batchfile(0.02),ANTLR(0.01),Dockerfile(0.01),Python(0.00),Standard ML(0.00),Emacs Lisp(0.00),HTML(0.00),FreeMarker(0.00)",🔎 Open source distributed and RESTful search engine.,115489977,Apache-2.0,1326,3682,2021/01,1958,61071,10182224,6780053,16962277,2026-06-11 17:54:38,31.1905,214,277,75,13142,2614,346,13.24,349,2867,22201,25068,12.8029,88.56,40,0,51,121,30,56,4,6,19
kyma-project/kyma,https://github.com/kyma-project/kyma,kyma-bot,[Unknown],Go,"Go(39.84),JavaScript(18.67),Shell(11.37),Makefile(11.36),CSS(10.05),Vue(8.71)","Kyma is an opinionated set of Kubernetes-based modular building blocks, including all necessary capabilities to develop and run enterprise-grade cloud-native applications.",90582,Apache-2.0,2,150,2018/07,2900,9525,1956819,1946402,3903221,2026-05-12 11:08:20,3.2845,504,409,250,1555,399,189,47.37,147,31,6130,6161,2.1245,99.50,137,0,3,54,179,3,35,14,20
kubevirt/kubevirt,https://github.com/kubevirt/kubevirt,doron-fediuck,[Unknown],Go,"Go(92.22),Starlark(5.89),Shell(1.72),Python(0.06),Makefile(0.05),Dockerfile(0.03),C(0.03)",Kubernetes Virtualization API and runtime in order to define and manage virtual machines.,20163047,Apache-2.0,0,303,2016/12,3464,28054,11276170,8084874,19361044,2026-05-24 12:01:02,8.0987,346,690,332,6868,1684,359,21.32,163,631,5448,6079,1.7549,89.62,71,0,9,34,169,54,12,10,21
pachyderm/pachyderm,https://github.com/pachyderm/pachyderm,jdoliner,[Unknown],Go,"Go(52.02),JavaScript(21.47),TypeScript(17.52),Starlark(3.21),Python(2.45),CSS(1.15),Shell(0.85),Mustache(0.48),Jsonnet(0.25),Makefile(0.25),Jupyter Notebook(0.17),HTML(0.08),Awk(0.05),Dockerfile(0.03),Smarty(0.02)",Data-Centric Pipelines and Data Versioning,13409884,Apache-2.0,204,763,2014/09,4298,22752,11890740,10748785,22639525,2025-01-09 19:41:45,5.2936,261,995,1491,6293,575,161,28.00,69,940,758,1698,0.3951,44.64,79,0,27,3,123,106,18,42,22
VictoriaMetrics/VictoriaLogs,https://github.com/VictoriaMetrics/VictoriaLogs,valyala,United states,Go,"Go(73.53),TypeScript(22.77),SCSS(2.63),Makefile(0.76),HTML(0.11),Dockerfile(0.10),JavaScript(0.06),Shell(0.03),Python(0.02)","Fast and easy to use database for logs, which can efficiently handle terabytes of logs",4670566,Apache-2.0,3887,4457,2025/07,339,12230,4504058,3899228,8403286,2026-05-23 07:15:51,36.0767,148,687,276,1896,135,355,262.96,43,222,599,821,2.4218,72.96,130,0,108,46,27,86,1,66,23
linkerd/linkerd2,https://github.com/linkerd/linkerd2,olix0r,"California, USA",Go,"Go(60.07),Rust(29.06),JavaScript(8.35),Shell(1.33),Go Template(0.52),Makefile(0.38),CSS(0.12),Dockerfile(0.12),HTML(0.02),Mustache(0.01),Batchfile(0.01)","Ultralight, security-first service mesh for Kubernetes. Main repo for Linkerd 2.x.",5121314,Apache-2.0,399,3199,2017/12,3110,8936,1202251,761097,1963348,2026-05-22 16:34:30,2.8733,159,219,448,11400,1353,377,27.86,43,205,1396,1601,0.5148,87.20,47,0,98,24,38,61,47,65,24
knative/serving,https://github.com/knative/serving,dewitt,"Seattle, WA",Go,"Go(98.19),Shell(1.81)","Kubernetes-based, scale-to-zero, request-driven compute",4510366,Apache-2.0,167,887,2018/01,3059,9875,6113947,3835308,9949255,2026-05-22 18:24:26,3.2282,219,1007,267,6051,1228,295,24.02,86,158,4586,4744,1.5508,96.67,80,0,48,47,113,26,36,27,25
open-telemetry/opentelemetry-collector,https://github.com/open-telemetry/opentelemetry-collector,rakyll,"San Francisco, CA",Go,"Go(94.95),Go Template(4.38),Makefile(0.33),Shell(0.25),HTML(0.10)",OpenTelemetry Collector,5144446,Apache-2.0,13083,1316,2019/05,2590,8335,1630572,1323510,2954082,2026-05-22 22:26:38,3.2181,171,354,6059,7057,2077,408,19.64,87,693,11449,12142,4.6880,94.29,70,0,82,1,96,35,38,26,26
rook/rook,https://github.com/rook/rook,[Unknown account],[Unknown],Go,"Go(94.58),Shell(2.46),Python(1.82),Makefile(0.78),Go Template(0.22),JavaScript(0.11),Dockerfile(0.03),Ruby(0.00),HTML(0.00)",Storage Orchestration for Kubernetes,6578258,Apache-2.0,0,1159,2016/07,3624,13789,800184,481088,1281272,2026-05-22 15:52:41,3.8049,160,92,281,13518,2816,384,13.64,89,116,5310,5426,1.4972,97.86,39,0,95,45,100,16,27,24,27
nats-io/nats-server,https://github.com/nats-io/nats-server,derekcollison,"Miami, FL",Go,"Go(99.71),Shell(0.28),PowerShell(0.01)","High-Performance server for NATS.io, the cloud and edge native messaging system.",12257380,Apache-2.0,1176,6355,2012/10,4973,12683,1049475,596985,1646460,2026-05-22 15:17:12,2.5504,229,129,285,19894,1812,180,9.93,32,506,3136,3642,0.7324,86.11,27,0,41,43,16,66,52,94,28
dapr/dapr,https://github.com/dapr/dapr,yaron2,"Federal Way, WA",Go,"Go(97.80),Shell(0.60),Makefile(0.59),JavaScript(0.21),Bicep(0.20),C#(0.16),Java(0.14),Python(0.10),Dockerfile(0.09),Mustache(0.06),PHP(0.02),Go Template(0.02),Batchfile(0.01)","Dapr is a portable runtime for building distributed applications across cloud and edge, combining event-driven architecture with workflow orchestration.",13062544,Apache-2.0,502,1612,2019/06,2549,6869,3472709,2885191,6357900,2026-05-22 17:38:39,2.6948,171,925,396,25784,2078,312,15.01,78,418,5687,6105,2.3951,93.15,18,0,83,27,80,40,50,33,29
aquasecurity/trivy,https://github.com/aquasecurity/trivy,knqyf263,"Dubai, UAE",Go,"Go(98.67),Mustache(0.79),Go Template(0.31),Shell(0.21),Yacc(0.02),Dockerfile(0.00)","Find vulnerabilities, misconfigurations, secrets, SBOM in containers, Kubernetes, code repositories, clouds and more",7035730,Apache-2.0,979,3149,2019/04,2618,4106,1266381,679285,1945666,2026-05-25 07:03:15,1.5684,124,473,183,35181,395,444,112.41,44,254,3447,3701,1.4137,93.14,9,0,137,67,39,41,86,63,30
crossplane/crossplane,https://github.com/crossplane/crossplane,jbw976,"San Diego, CA",Go,"Go(98.24),Nix(1.25),Shell(0.48),Mustache(0.03)",The Cloud Native Control Plane,3125417,Apache-2.0,201,1544,2018/09,2833,8879,895121,716104,1611225,2026-05-22 17:58:56,3.1341,154,181,208,11710,1182,274,23.18,45,179,5287,5466,1.9294,96.73,45,0,103,62,87,24,40,60,31
helm/helm,https://github.com/helm/helm,vagababov,"Seattle, WA",Go,"Go(98.43),Shell(1.29),Makefile(0.27)",The Kubernetes Package Manager,3179748,Apache-2.0,28,2954,2015/10,3901,9625,362049,229993,592042,2026-05-22 22:01:22,2.4673,110,61,253,29832,7613,373,4.90,74,423,119721,120144,30.7983,99.65,14,0,152,52,41,2,55,38,32
kubernetes-sigs/cluster-api,https://github.com/kubernetes-sigs/cluster-api,mikedanese,Center of the Universe,Go,"Go(98.60),Makefile(0.51),Shell(0.50),Python(0.32),Dockerfile(0.07),Go Template(0.00)","Home for Cluster API, a subproject of sig-cluster-lifecycle",15692675,Apache-2.0,414,2357,2018/03,3018,14954,27155078,26516001,53671079,2026-06-09 12:27:41,4.9549,194,3589,472,4225,1512,348,23.02,145,218,0,218,0.0722,0.00,97,0,63,21,56,179,20,16,33
fluent/fluent-bit,https://github.com/fluent/fluent-bit,edsiper,Costa Rica,C,"C(79.28),C++(9.80),Shell(2.58),Makefile(1.72),Python(1.72),CMake(1.48),Lua(0.55),Roff(0.50),M4(0.43),HTML(0.42),WebAssembly(0.40),Go(0.26),Perl(0.21),TypeScript(0.14),Dockerfile(0.10),Ruby(0.09),Assembly(0.06),Batchfile(0.05),JavaScript(0.05),Meson(0.03),Yacc(0.03),Zig(0.02),CSS(0.02),Lex(0.02),Java(0.01),Starlark(0.01),C#(0.01),BitBake(0.00),PowerShell(0.00),Rust(0.00),Swift(0.00),Objective-C(0.00),jq(0.00),Awk(0.00),sed(0.00),XSLT(0.00),Emacs Lisp(0.00),GDB(0.00),Tcl(0.00)","Fast and Lightweight Logs, Metrics and Traces processor for Linux, BSD, OSX and Windows",90715841,Apache-2.0,277,1341,2015/01,4153,13401,7175791,3112592,10288383,2026-06-10 05:31:02,3.2268,145,767,321,7919,1924,369,19.18,61,741,9304,10045,2.4187,92.62,62,0,113,36,95,45,37,45,34
tektoncd/pipeline,https://github.com/tektoncd/pipeline,mchmarny,"Portland, OR",Go,"Go(99.16),Shell(0.68),Makefile(0.09),Go Template(0.05),Mustache(0.01),Dockerfile(0.00)",A cloud-native Pipeline resource.,8016478,Apache-2.0,301,2162,2018/08,2843,5805,7817586,5122529,12940115,2026-05-21 19:18:29,2.0419,183,2229,238,8974,1922,369,19.20,84,557,3135,3692,1.2986,84.91,58,0,73,55,61,69,66,29,35
fluent/fluentd,https://github.com/fluent/fluentd,frsyuki,"Mountain View, CA",Ruby,"Ruby(99.72),HTML(0.21),PowerShell(0.07)",Fluentd: Unified Logging Layer (project under CNCF),3524270,Apache-2.0,1116,2660,2011/06,5471,7183,191851,77014,268865,2026-05-12 06:54:23,1.3129,186,37,266,13541,1393,237,17.01,33,133,3904,4037,0.7379,96.71,38,0,71,48,48,25,97,89,36
cortexproject/cortex,https://github.com/cortexproject/cortex,tomwilkie,London,Go,"Go(99.29),Shell(0.24),Makefile(0.21),HTML(0.14),Dockerfile(0.06),SCSS(0.03),PLpgSQL(0.01)","A horizontally scalable, highly available, multi-tenant, long term Prometheus.",8656280,Apache-2.0,635,2549,2016/09,3562,6268,10029076,6661261,16690337,2026-05-24 03:03:52,1.7597,198,2662,95,5802,859,311,36.20,69,303,876,1179,0.3310,74.30,83,0,61,104,50,85,75,41,37
kyverno/kyverno,https://github.com/kyverno/kyverno,JimBugwadia,United States,Go,"Go(98.54),Shell(0.55),Makefile(0.53),Mustache(0.35),JavaScript(0.02),Go Template(0.01),Open Policy Agent(0.00)",Unified Policy as Code,10338134,Apache-2.0,97,512,2019/02,2684,9887,8882427,8033218,16915645,2026-05-21 13:40:06,3.6837,99,1710,708,7775,1364,417,30.57,74,471,4258,4729,1.7619,90.04,64,0,164,12,143,53,28,37,38
cert-manager/cert-manager,https://github.com/cert-manager/cert-manager,[Unknown account],[Unknown],Go,"Go(95.32),Makefile(3.16),Shell(1.20),Mustache(0.19),Dockerfile(0.10),Go Template(0.03)",Automatically provision and manage TLS certificates in Kubernetes,5734090,Apache-2.0,0,1444,2017/05,3305,10937,10604704,10321305,20926009,2026-05-22 21:19:13,3.3092,88,1913,291,13830,2370,380,16.03,48,239,28184,28423,8.6000,99.16,37,0,172,41,90,4,34,58,39
grafana/loki,https://github.com/grafana/loki,tomwilkie,London,Go,"Go(96.60),Jsonnet(1.44),Go Template(0.51),Makefile(0.42),Ruby(0.35),Shell(0.25),Yacc(0.15),HCL(0.13),Dockerfile(0.07),Nix(0.03),JavaScript(0.02),HTML(0.01),SCSS(0.01),Ragel(0.01),Open Policy Agent(0.00)","Like Prometheus, but for logs.",18856992,AGPL-3.0,635,804,2018/04,2978,12035,24014759,12243785,36258544,2026-05-22 20:00:12,4.0413,131,3012,378,28240,4006,447,11.16,106,1610,5504,7114,2.3889,77.37,17,0,129,31,118,83,24,22,40
goharbor/harbor,https://github.com/goharbor/harbor,reasonerjt,"Beijing, China",Go,"Go(52.75),TypeScript(21.62),HTML(8.01),Python(5.50),RobotFramework(5.08),Jinja(3.86),SCSS(1.08),Shell(0.84),Go Template(0.54),Makefile(0.33),JavaScript(0.14),Dockerfile(0.12),PLpgSQL(0.10),CSS(0.02)","An open source trusted cloud native registry project that stores, signs, and scans content.",11510973,Apache-2.0,85,639,2016/01,3787,12685,5366183,4855775,10221958,2026-05-22 08:40:32,3.3496,156,805,367,28539,5235,343,6.55,85,844,3475,4319,1.1405,80.46,15,0,102,32,134,78,33,28,41
argoproj/argo-cd,https://github.com/argoproj/argo-cd,jessesuen,"Mountain View, CA",Go,"Go(81.06),TypeScript(13.76),Lua(2.87),SCSS(0.97),Shell(0.69),Makefile(0.25),Dockerfile(0.14),Procfile(0.10),JavaScript(0.07),Starlark(0.07),CSS(0.02),Mustache(0.01),HTML(0.01)",Declarative Continuous Deployment for Kubernetes,11471111,Apache-2.0,331,1394,2018/02,3044,10851,5870595,3273490,9144085,2026-05-24 09:16:41,3.5647,117,842,576,22969,7231,429,5.93,146,4211,5205,9416,3.0933,55.28,23,0,147,16,91,102,32,15,42
apache/skywalking,https://github.com/apache/skywalking,wu-sheng,"Beijing & HK (China), SF(US)",Java,"Java(97.13),Shell(1.54),ANTLR(0.49),Python(0.29),Lua(0.14),FreeMarker(0.13),Dockerfile(0.08),Go(0.06),Makefile(0.05),Batchfile(0.04),PHP(0.03),TypeScript(0.02),JavaScript(0.01)","APM, Application Performance Monitoring System",12913635,Apache-2.0,3346,4961,2015/11,3869,8546,2532030,2023014,4555044,2026-06-11 13:18:37,2.2088,121,533,66,24832,6639,387,5.83,82,22,1957,1979,0.5115,98.89,20,0,143,130,23,7,63,30,43
kubernetes-sigs/kustomize,https://github.com/kubernetes-sigs/kustomize,monopole,Texas,Go,"Go(50.64),PureBasic(47.98),Shell(0.69),Makefile(0.40),HTML(0.15),Dockerfile(0.10),PowerShell(0.03),Starlark(0.00),SCSS(0.00)",Customization of kubernetes YAML configurations,7231113,Apache-2.0,77,1714,2018/05,2953,7086,6841620,6582980,13424600,2026-05-02 16:03:24,2.3996,102,1894,359,12068,2389,406,16.99,56,170,3351,3521,1.1923,95.17,42,0,160,33,75,31,57,47,44
spinframework/spin,https://github.com/spinframework/spin,radu-matei,"Ghent, Belgium",Rust,"Rust(99.20),Shell(0.28),Makefile(0.12),HCL(0.12),Dockerfile(0.09),Go(0.07),Nix(0.04),C(0.03),Go Template(0.03),Zig(0.01),Liquid(0.00),PHP(0.00)",Spin is the open source developer tool for building and running serverless applications powered by WebAssembly.,2767611,Apache-2.0,628,3341,2021/11,1682,4825,531044,378378,909422,2026-06-11 19:39:53,2.8686,330,188,121,6439,304,90,29.61,37,272,0,272,0.1617,0.00,77,0,12,94,37,147,48,77,45
strimzi/strimzi-kafka-operator,https://github.com/strimzi/strimzi-kafka-operator,ppatierno,Italy,Java,"Java(98.81),Shell(0.78),Makefile(0.24),Dockerfile(0.09),Mustache(0.07),Awk(0.00),1C Enterprise(0.00)",Apache Kafka® running on Kubernetes,14096294,Apache-2.0,407,1200,2016/05,3688,7334,1902083,1336287,3238370,2026-05-24 13:34:39,1.9886,211,441,175,5816,1490,306,20.54,49,135,1257,1392,0.3774,90.30,82,0,52,69,99,52,68,57,46
containerd/nerdctl,https://github.com/containerd/nerdctl,AkihiroSuda,"Tokyo, Japan",Go,"Go(96.86),Shell(2.05),Dockerfile(0.58),Makefile(0.48),PowerShell(0.04)","contaiNERD CTL - Docker-compatible CLI for containerd, with support for Compose, Rootless, eStargz, OCIcrypt, IPFS, ...",3842762,Apache-2.0,1739,5169,2020/12,2015,6264,222127,85534,307661,2026-06-11 15:55:57,3.1087,135,49,91,10144,787,218,27.70,37,363,1441,1804,0.8953,79.88,53,0,126,107,22,80,42,79,47
emissary-ingress/emissary,https://github.com/emissary-ingress/emissary,[Unknown account],[Unknown],Python,"Python(56.47),Go(36.95),Makefile(2.81),Shell(2.35),HTML(0.80),Dockerfile(0.41),Mustache(0.12),Awk(0.08)",open source Kubernetes-native API gateway for microservices built on the Envoy Proxy,3363073,Apache-2.0,0,304,2017/03,3360,18537,11728178,11980544,23708722,2026-05-01 18:53:07,5.5170,158,1278,912,4503,705,193,27.38,51,425,175,600,0.1786,29.17,95,0,99,8,168,110,16,53,48
spiffe/spire,https://github.com/spiffe/spire,y2bishop2y,[Unknown],Go,"Go(95.86),Shell(3.75),Makefile(0.27),Dockerfile(0.07),Go Template(0.03),Open Policy Agent(0.02),HCL(0.00)",The SPIFFE Runtime Environment,7760345,Apache-2.0,11,212,2017/08,3226,7898,759473,455940,1215413,2026-05-24 08:36:47,2.4482,230,153,152,2366,614,216,35.18,53,136,941,1077,0.3338,87.37,115,0,37,76,175,59,56,50,49
falcosecurity/falco,https://github.com/falcosecurity/falco,henridf,[Unknown],C++,"C++(72.10),Go(10.46),CMake(6.42),Go Template(3.31),C(3.21),Shell(3.08),Dockerfile(1.10),Makefile(0.31)",Cloud Native Runtime Security,1230877,Apache-2.0,33,2078,2016/01,3796,5411,209859,151785,361644,2026-05-13 15:17:01,1.4254,143,66,186,8975,1020,224,21.96,38,57,1690,1747,0.4602,96.74,57,0,116,66,62,23,92,76,50
portainer/portainer,https://github.com/portainer/portainer,crosbymichael,[Unknown],TypeScript,"TypeScript(52.16),Go(34.61),JavaScript(8.10),HTML(4.09),CSS(0.83),Dockerfile(0.09),Shell(0.06),Makefile(0.04),EJS(0.02),Mustache(0.00)",Making Docker and Kubernetes management easy.,13280732,Zlib,1637,997,2016/05,3675,5913,1053664,575319,1628983,2026-06-11 03:51:32,1.6090,166,275,202,37704,2835,230,8.11,63,745,8559,9304,2.5317,91.99,8,0,91,63,106,48,84,44,51
argoproj/argo-workflows,https://github.com/argoproj/argo-workflows,jessesuen,"Mountain View, CA",Go,"Go(84.90),TypeScript(11.32),Nix(1.81),Makefile(0.79),SCSS(0.60),Shell(0.25),Python(0.12),Dockerfile(0.09),JavaScript(0.09),Java(0.04),HTML(0.01)",Workflow Engine for Kubernetes,6574533,Apache-2.0,331,4845,2017/08,3216,6465,2671696,1282180,3953876,2026-06-10 14:14:12,2.0103,99,611,389,16761,3557,423,11.89,78,1434,0,1434,0.4459,0.00,30,0,165,28,24,113,67,34,52
thanos-io/thanos,https://github.com/thanos-io/thanos,ashmere,London,Go,"Go(88.44),TypeScript(7.16),Jsonnet(2.28),Makefile(0.58),HTML(0.53),Shell(0.39),SCSS(0.28),CSS(0.28),Cap'n Proto(0.03),Dockerfile(0.03),jq(0.01),JavaScript(0.01)",Highly available Prometheus setup with long term storage capabilities. A CNCF Incubating project.,5755606,Apache-2.0,8,3721,2017/11,3144,4816,1014411,636168,1650579,2026-05-22 18:04:21,1.5318,140,342,137,14081,2301,407,17.69,82,877,2331,3208,1.0204,72.66,36,0,118,81,29,87,89,31,53
kcp-dev/kcp,https://github.com/kcp-dev/kcp,smarterclayton,North Carolina,Go,"Go(97.09),Shell(2.18),Makefile(0.39),Python(0.18),Dockerfile(0.08),Starlark(0.08)",Kubernetes-like control planes for form-factors and use-cases beyond Kubernetes and container workloads.,5764028,Apache-2.0,1493,1370,2021/03,1898,7453,827484,409223,1236707,2026-06-11 18:09:08,3.9268,133,165,127,2785,453,146,32.23,41,150,1014,1164,0.6133,87.11,110,0,127,87,93,62,25,68,54
radius-project/radius,https://github.com/radius-project/radius,microsoft-github-operations[bot],[Unknown],Go,"Go(92.69),TypeSpec(1.72),Shell(1.67),TypeScript(0.99),Bicep(0.97),Makefile(0.89),PowerShell(0.87),HCL(0.08),Dockerfile(0.05),Go Template(0.05),JavaScript(0.03)","Radius is a cloud-native, portable application platform that makes app development easier for teams building cloud-native apps.",9197722,Apache-2.0,0,1068,2021/02,1937,3837,1186473,681451,1867924,2026-06-11 18:11:56,1.9809,363,486,170,1649,136,65,47.79,39,317,0,317,0.1637,0.00,136,0,7,70,102,122,69,74,55
external-secrets/external-secrets,https://github.com/external-secrets/external-secrets,knelasevero,"Hamburg, Germany",Go,"Go(97.95),Shell(0.54),HCL(0.52),Makefile(0.48),Go Template(0.37),Python(0.08),Dockerfile(0.06),HTML(0.01)",External Secrets Operator reads information from a third-party service like AWS Secrets Manager and automatically injects the values as Kubernetes Secrets.,5473775,Apache-2.0,114,687,2020/11,2032,4515,657329,285717,943046,2026-06-11 14:31:33,2.2219,65,208,262,6664,1317,435,33.03,42,196,15810,16006,7.8770,98.78,72,0,180,50,128,8,61,67,56
loft-sh/vcluster,https://github.com/loft-sh/vcluster,LukasGentele,San Francisco,Go,"Go(98.89),Go Template(0.50),Shell(0.35),Just(0.17),Dockerfile(0.08)",vCluster - Create fully functional virtual Kubernetes clusters - Each vcluster runs inside a namespace of the underlying k8s cluster. It's cheaper than creating separate full-blown clusters and it offers better multi-tenancy and isolation than regular namespaces.,4438478,Apache-2.0,76,584,2021/04,1890,4377,14375569,1512725,15888294,2026-06-11 16:57:53,2.3159,168,3629,642,11173,582,159,27.32,51,152,0,152,0.0804,0.00,48,0,87,15,137,137,58,54,57
ovn-kubernetes/ovn-kubernetes,https://github.com/ovn-kubernetes/ovn-kubernetes,shettyg,Sunnyvale,Go,"Go(97.94),Shell(1.60),Python(0.37),Makefile(0.05),Go Template(0.02),Jinja(0.01)",A robust Kubernetes networking platform,15633650,Apache-2.0,40,443,2016/08,3591,10288,6381612,3647112,10028724,2026-06-10 11:23:56,2.8649,417,974,13,1040,451,194,43.02,89,367,556,923,0.2570,60.24,146,0,4,174,150,98,49,25,58
coredns/coredns,https://github.com/coredns/coredns,miekg,[Unknown],Go,"Go(99.90),Makefile(0.08),Dockerfile(0.03)",CoreDNS is a DNS server that chains plugins,2244591,Apache-2.0,2066,3596,2016/03,3737,4818,15064897,14950569,30015466,2026-05-24 12:58:11,1.2893,139,6229,81,14088,2453,431,17.57,36,298,11250,11548,3.0902,97.42,35,0,121,115,34,19,98,84,59
fluxcd/flux2,https://github.com/fluxcd/flux2,stefanprodan,[Unknown],Go,"Go(98.40),HCL(0.69),Shell(0.56),Makefile(0.31),Dockerfile(0.04)",Open and extensible continuous delivery solution for Kubernetes. Powered by GitOps Toolkit.,1355288,Apache-2.0,8229,9412,2020/04,2239,3890,148633,86483,235116,2026-05-23 11:46:55,1.7374,130,60,209,8137,757,181,23.91,24,256,1257,1513,0.6757,83.08,61,0,131,61,4,74,76,113,60
karmada-io/karmada,https://github.com/karmada-io/karmada,kevin-wangzefeng,"Hangzhou, China",Go,"Go(96.28),Shell(2.94),Go Template(0.26),Mustache(0.22),Python(0.22),Makefile(0.05),Dockerfile(0.02)","Open, Multi-Cloud, Multi-Cluster Kubernetes Orchestration",9823588,Apache-2.0,487,1050,2020/11,2039,7800,4541265,1249333,5790598,2026-06-09 12:30:27,3.8254,124,742,214,5497,1139,304,26.69,77,729,0,729,0.3575,0.00,87,0,139,60,105,118,26,36,61
kubernetes-sigs/headlamp,https://github.com/kubernetes-sigs/headlamp,joaquimrocha,Portugal,TypeScript,"TypeScript(75.68),Go(17.79),JavaScript(4.99),Shell(0.64),Makefile(0.28),PowerShell(0.19),HTML(0.18),Dockerfile(0.10),CSS(0.08),Go Template(0.06)","A Kubernetes web UI that is fully-featured, user-friendly and extensible",6154195,Apache-2.0,153,1845,2019/11,2407,8810,3183448,2389647,5573095,2026-06-11 12:45:08,3.6602,118,632,154,6628,851,241,28.32,31,679,364,1043,0.4333,34.90,74,0,146,75,69,109,29,95,62
buildpacks/pack,https://github.com/buildpacks/pack,sclevine,"Ann Arbor, MI",Go,"Go(99.66),Makefile(0.24),Shell(0.09),Dockerfile(0.01)",CLI for building apps using Cloud Native Buildpacks,2715213,Apache-2.0,147,468,2018/06,2908,4804,2072005,1895288,3967293,2026-05-15 14:42:52,1.6520,180,825,121,2920,338,137,40.53,37,163,2234,2397,0.8243,93.20,105,0,75,93,146,39,82,81,63
volcano-sh/volcano,https://github.com/volcano-sh/volcano,[Unknown account],[Unknown],Go,"Go(96.04),Shell(3.53),Makefile(0.26),Dockerfile(0.16),Python(0.01),Go Template(0.01)",A Cloud Native Batch System (Project under CNCF),6598436,Apache-2.0,0,2508,2019/03,2646,6608,11950241,8811162,20761403,2026-06-11 09:48:47,2.4974,125,3141,66,5662,1402,318,22.68,93,656,1133,1789,0.6761,63.33,85,0,134,129,51,96,54,23,64
opencost/opencost,https://github.com/opencost/opencost,AjayTripathy,[Unknown],Go,"Go(99.88),Just(0.07),Starlark(0.03),Shell(0.01),Makefile(0.01)",Cost monitoring for Kubernetes workloads and cloud costs,5403204,Apache-2.0,71,556,2019/03,2633,5084,8225449,7889510,16114959,2026-06-11 18:07:51,1.9309,190,3169,568,6586,815,168,20.61,35,221,582,803,0.3050,72.48,75,0,68,17,139,88,72,87,65
fluxcd/source-controller,https://github.com/fluxcd/source-controller,stefanprodan,[Unknown],Go,"Go(98.52),Shell(0.58),Makefile(0.49),Go Template(0.32),Dockerfile(0.06),Ruby(0.03)",The GitOps Toolkit source management component ,1561157,Apache-2.0,8229,9134,2020/04,2258,2878,179044,96521,275565,2026-06-08 11:55:33,1.2746,216,95,304,279,238,67,28.15,19,118,1340,1458,0.6457,91.91,175,0,50,38,8,49,100,127,66
jaegertracing/jaeger,https://github.com/jaegertracing/jaeger,[Unknown account],[Unknown],Go,"Go(90.27),Python(4.57),Shell(2.94),Go Template(1.07),Makefile(0.95),Dockerfile(0.12),HTML(0.05),JavaScript(0.02),sed(0.01)","CNCF Jaeger, a Distributed Tracing Platform",3814342,Apache-2.0,0,4655,2016/04,3709,4445,551104,334077,885181,2026-05-24 12:58:22,1.1984,107,199,124,22829,2916,432,14.81,51,405,3436,3841,1.0356,89.46,24,0,159,89,26,55,102,56,67
antrea-io/antrea,https://github.com/antrea-io/antrea,tnqn,[Unknown],Go,"Go(94.32),Shell(4.56),PowerShell(0.62),Makefile(0.22),Dockerfile(0.10),Jinja(0.08),Go Template(0.06),HCL(0.04)",Kubernetes networking based on Open vSwitch,12606537,Apache-2.0,52,342,2019/10,2421,4471,1047361,469343,1516704,2026-06-10 02:27:07,1.8468,376,339,122,1787,474,140,29.54,73,199,720,919,0.3796,78.35,132,0,6,90,162,82,74,39,68
cloudnative-pg/cloudnative-pg,https://github.com/cloudnative-pg/cloudnative-pg,[Unknown account],[Unknown],Go,"Go(97.68),Shell(1.93),Makefile(0.29),HCL(0.08),jq(0.02),Dockerfile(0.01)","CloudNativePG is a comprehensive platform designed to seamlessly manage PostgreSQL databases within Kubernetes environments, covering the entire operational lifecycle from initial deployment to ongoing maintenance",6061399,Apache-2.0,0,581,2022/03,1554,4934,1327756,389558,1717314,2026-06-11 09:46:32,3.1750,199,348,121,8781,703,217,30.87,38,398,0,398,0.2561,0.00,59,0,59,91,138,138,39,75,69
open-policy-agent/opa,https://github.com/open-policy-agent/opa,timothyhinrichs,[Unknown],Go,"Go(83.82),C(8.41),C++(6.33),Open Policy Agent(0.86),Makefile(0.21),Shell(0.14),JavaScript(0.14),Python(0.05),Clojure(0.02),Dockerfile(0.02),TypeScript(0.00)","Open Policy Agent (OPA) is an open source, general-purpose policy engine.",11223508,Apache-2.0,21,922,2015/12,3817,6495,5934866,4633693,10568559,2026-05-22 16:04:34,1.7016,114,1627,215,11773,1574,414,26.30,37,358,1781,2139,0.5604,83.26,44,0,150,59,111,73,78,78,70
cilium/tetragon,https://github.com/cilium/tetragon,sharlns,"Budapest, Hungary",C,"C(64.59),Go(33.90),C++(0.45),Shell(0.38),Makefile(0.36),Go Template(0.15),Python(0.08),Dockerfile(0.06),PowerShell(0.02)",eBPF-based Security Observability and Runtime Enforcement,11561695,Apache-2.0,28,663,2022/03,1541,6599,8752255,3685007,12437262,2026-06-09 20:47:40,4.2823,171,1884,69,4746,559,177,31.66,36,249,525,774,0.5023,67.83,93,0,79,127,131,92,23,83,71
pixie-io/pixie,https://github.com/pixie-io/pixie,zasgar,"San Francisco, CA",C++,"C++(52.93),Go(21.93),TypeScript(9.74),Starlark(6.15),Python(4.53),C(1.84),Shell(1.58),Ruby(0.26),PHP(0.23),JavaScript(0.22),Dockerfile(0.19),Makefile(0.15),Go Template(0.09),Lua(0.08),Java(0.04),PLpgSQL(0.02),Scala(0.01),HTML(0.01),Thrift(0.00),HCL(0.00)",Instant Kubernetes-Native Application Observability,17999603,Apache-2.0,45,282,2020/02,2296,12649,1569125,783982,2353107,2026-05-15 05:29:35,5.5091,252,186,840,6462,504,76,15.08,27,386,0,386,0.1681,0.00,76,0,30,10,171,171,17,102,72
kubernetes-sigs/external-dns,https://github.com/kubernetes-sigs/external-dns,sarahnovotny,the interwebs,Go,"Go(98.80),Shell(0.62),Python(0.33),Makefile(0.16),Go Template(0.09)",Configure external DNS servers dynamically from Kubernetes resources,4247320,Apache-2.0,46,1622,2017/02,3409,5609,7534773,7101299,14636072,2026-06-11 09:44:52,1.6454,109,2609,126,8981,2876,394,13.70,78,168,1938,2106,0.6178,92.02,56,0,154,88,79,47,83,32,73
grafana/tempo,https://github.com/grafana/tempo,joe-elliott,[Unknown],Go,"Go(96.23),Jsonnet(2.60),Yacc(0.41),Makefile(0.27),Go Template(0.23),HCL(0.16),Shell(0.05),Dockerfile(0.05),CSS(0.01)","Grafana Tempo is a high volume, minimal dependency distributed tracing backend.",8238349,AGPL-3.0,289,804,2020/01,2330,4788,16532386,11990746,28523132,2026-06-11 14:24:38,2.0549,167,5957,82,5301,707,296,41.87,41,192,0,192,0.0824,0.00,90,0,89,114,119,119,65,69,74
k3s-io/k3s,https://github.com/k3s-io/k3s,ibuildthecloud,[Unknown],Go,"Go(89.56),Shell(8.44),HCL(0.65),Go Template(0.61),Ruby(0.55),Dockerfile(0.11),Makefile(0.09)",Lightweight Kubernetes,1984050,Apache-2.0,1592,2484,2018/05,2933,4171,7415904,7317237,14733141,2026-02-03 21:22:16,1.4221,132,3532,1057,33229,2676,287,10.72,39,137,0,137,0.0467,0.00,11,0,128,5,52,176,93,73,75
kubernetes-sigs/kind,https://github.com/kubernetes-sigs/kind,cblecker,"Vancouver, BC, Canada",Go,"Go(83.45),Shell(10.83),Dockerfile(1.93),Python(0.93),Makefile(0.91),HTML(0.86),CSS(0.82),JavaScript(0.28)",Kubernetes IN Docker - local clusters for testing Kubernetes,870868,Apache-2.0,386,5911,2018/09,2829,4799,953736,909747,1863483,2026-06-07 13:22:29,1.6964,109,388,60,15291,1757,341,19.41,13,225,16946,17171,6.0696,98.69,33,0,153,133,17,10,79,158,76
submariner-io/submariner,https://github.com/submariner-io/submariner,Oats87,"Sunnyvale, California",Go,"Go(97.78),Shell(1.84),Makefile(0.39)",Networking component for interconnecting Pods and Services across Kubernetes clusters.,1517700,Apache-2.0,73,377,2019/03,2648,2607,754203,690451,1444654,2026-06-05 02:11:32,0.9845,522,554,188,2652,206,43,20.87,27,27,1343,1370,0.5174,98.03,112,0,2,64,153,15,110,103,77
inspektor-gadget/inspektor-gadget,https://github.com/inspektor-gadget/inspektor-gadget,alban,"Berlin, Germany",C,"C(61.43),Go(36.44),Rust(1.10),Makefile(0.46),Jupyter Notebook(0.28),Dockerfile(0.17),Go Template(0.06),Shell(0.05),Python(0.02)",Inspektor Gadget is a set of tools and framework for data collection and system inspection on Kubernetes clusters and Linux hosts using eBPF,8612327,Apache-2.0,152,524,2019/04,2613,9436,1080777,666223,1747000,2026-06-11 12:50:50,3.6112,311,185,88,2841,348,89,25.57,26,379,0,379,0.1450,0.00,108,0,17,109,142,142,30,104,78
kubeovn/kube-ovn,https://github.com/kubeovn/kube-ovn,oilbeater,[Unknown],Go,"Go(96.28),Makefile(1.74),Shell(1.18),Go Template(0.35),Jinja(0.31),C(0.14)",A Bridge between SDN and Cloud Native (Project under CNCF),5555501,Apache-2.0,288,359,2019/03,2638,5651,3917651,3631037,7548688,2026-06-11 12:15:45,2.1422,199,1335,380,2335,538,154,28.62,41,61,0,61,0.0231,0.00,117,0,60,30,157,157,64,70,79
fluxcd/kustomize-controller,https://github.com/fluxcd/kustomize-controller,stefanprodan,[Unknown],Go,"Go(93.03),Shell(4.47),Makefile(1.46),Go Template(0.83),Dockerfile(0.14),Ruby(0.08)",The GitOps Toolkit Kustomize reconciler,597462,Apache-2.0,8229,9228,2020/04,2248,2084,88336,51384,139720,2026-06-08 09:59:37,0.9270,152,67,252,282,235,84,35.74,15,88,1166,1254,0.5578,92.98,174,0,104,53,7,42,115,142,80
WasmEdge/WasmEdge,https://github.com/WasmEdge/WasmEdge,hydai,Taiwan,C++,"C++(92.74),C(2.79),CMake(2.39),Shell(0.88),Python(0.73),Rust(0.19),WebAssembly(0.16),HCL(0.08),Makefile(0.02),Nix(0.02),Objective-C++(0.01),JavaScript(0.00),Linker Script(0.00),Dockerfile(0.00)","WasmEdge is a lightweight, high-performance, and extensible WebAssembly runtime for cloud native, edge, and decentralized applications. It powers serverless apps, embedded functions, microservices, smart contracts, and IoT devices.",8387646,Apache-2.0,392,874,2019/11,2386,4436,981284,692838,1674122,2026-06-11 16:12:48,1.8592,147,377,157,10636,1075,233,21.67,37,191,0,191,0.0801,0.00,51,0,111,72,115,115,73,82,81
fluxcd/image-automation-controller,https://github.com/fluxcd/image-automation-controller,squaremo,"London, formerly EU",Go,"Go(94.56),Makefile(2.39),Go Template(1.43),Shell(1.19),Dockerfile(0.27),Ruby(0.15)",GitOps Toolkit controller that patches container image tags in Git,347361,Apache-2.0,353,9278,2020/07,2154,1416,53851,31611,85462,2026-06-08 09:51:48,0.6574,321,60,155,204,93,40,43.01,12,73,384,457,0.2122,84.03,176,0,13,74,6,71,138,160,82
velero-io/velero,https://github.com/velero-io/velero,ncdc,Maryland,Go,"Go(97.95),Shell(0.54),HTML(0.40),SCSS(0.38),Makefile(0.37),JavaScript(0.14),Python(0.13),Dockerfile(0.09)",Backup and migrate Kubernetes applications and their persistent volumes,7352337,Apache-2.0,252,714,2017/08,3235,6288,2846097,2336333,5182430,2026-06-11 06:15:24,1.9437,125,824,182,10056,1540,306,19.87,53,744,0,744,0.2300,0.00,54,0,135,68,127,127,70,51,83
open-telemetry/opentelemetry-specification,https://github.com/open-telemetry/opentelemetry-specification,[Unknown account],[Unknown],Makefile,Makefile(100.00),Specifications for OpenTelemetry,3781,Apache-2.0,0,1941,2019/05,2598,2435,136160,73796,209956,2026-06-09 16:46:08,0.9373,293,86,67,4256,985,312,31.68,66,657,0,657,0.2529,0.00,96,0,25,128,67,168,112,43,84
envoyproxy/gateway,https://github.com/envoyproxy/gateway,mattklein123,Idaho,Go,"Go(78.43),TypeScript(16.34),CSS(1.36),Makefile(0.81),HTML(0.77),Shell(0.49),JavaScript(0.49),SCSS(0.47),Go Template(0.38),Lua(0.23),Python(0.15),Jsonnet(0.07),Dockerfile(0.01)",Manages Envoy Proxy as a Standalone or Kubernetes-based Application Gateway,7814164,Apache-2.0,664,2346,2022/04,1521,4627,1949695,450780,2400475,2026-06-11 14:29:37,3.0421,96,518,82,2793,773,344,44.50,57,713,0,713,0.4688,0.00,109,0,168,113,57,177,44,46,85
kubeflow/kubeflow,https://github.com/kubeflow/kubeflow,jlewi,San Francisco Bay Area,,,Machine Learning Toolkit for Kubernetes,0,Apache-2.0,375,752,2017/11,3115,2598,5603913,5600467,11204380,2026-05-24 11:31:40,0.8340,128,4312,121,15655,2651,287,10.83,54,3,13043,13046,4.1881,99.98,32,0,133,92,124,1,118,48,86
kubeedge/kubeedge,https://github.com/kubeedge/kubeedge,kevin-wangzefeng,"Hangzhou, China",Go,"Go(95.05),Shell(4.43),Makefile(0.28),Dockerfile(0.21),Mustache(0.03)",Kubernetes Native Edge Computing Framework (project under CNCF),5147216,Apache-2.0,487,1214,2018/09,2813,6354,10560265,6770149,17330414,2026-05-11 08:05:00,2.2588,107,2727,114,7454,1918,305,15.90,78,952,990,1942,0.6904,50.98,67,0,158,98,98,104,60,35,87
fluxcd/helm-controller,https://github.com/fluxcd/helm-controller,hiddeco,"Rotterdam, the Netherlands",Go,"Go(98.75),Makefile(0.62),Go Template(0.38),Shell(0.15),Dockerfile(0.07),Ruby(0.03)","The GitOps Toolkit Helm reconciler, for declarative Helming",1296903,Apache-2.0,322,8925,2020/04,2240,1809,118296,55076,173372,2026-06-08 09:51:58,0.8076,171,95,216,513,208,68,32.69,12,76,1513,1589,0.7094,95.22,164,0,81,58,9,29,122,166,88
infracost/infracost,https://github.com/infracost/infracost,aliscott,Edinburgh,Go,"Go(97.36),Shell(1.36),Go Template(0.97),Makefile(0.22),Dockerfile(0.07),HCL(0.01)","Cloud cost intelligence for engineers, AI coding agents, and CI/CD 💰📉 Shift FinOps Left!",3760419,Apache-2.0,107,7068,2020/06,2178,3174,499820,192077,691897,2026-06-03 14:41:47,1.4573,173,217,118,12364,677,103,15.21,20,20,0,20,0.0092,0.00,41,0,78,95,13,141,90,123,89
keptn/keptn,https://github.com/keptn/keptn,dirkwall,"Linz, Austria",Go,"Go(55.25),TypeScript(38.39),HTML(3.66),Shell(0.91),SCSS(0.67),Dockerfile(0.47),Mustache(0.35),MDX(0.11),JavaScript(0.10),CSS(0.06),Smarty(0.04)",Cloud-native application life-cycle orchestration. Keptn automates your SLO-driven multi-stage delivery and operations & remediation of your applications.,6741394,Apache-2.0,12,111,2019/01,2698,8448,1103512,789417,1892929,2023-12-21 11:45:25,3.1312,221,224,76,1778,235,108,45.96,44,0,0,0,0.0000,0.00,133,0,46,120,180,180,41,64,90
fluxcd/notification-controller,https://github.com/fluxcd/notification-controller,stefanprodan,[Unknown],Go,"Go(97.92),Makefile(0.97),Go Template(0.68),Shell(0.26),Dockerfile(0.11),Ruby(0.06)",The GitOps Toolkit event forwarder and notification dispatcher,726104,Apache-2.0,8229,9561,2020/06,2173,1531,73629,30741,104370,2026-06-10 08:51:30,0.7046,169,68,187,178,167,79,47.31,14,81,615,696,0.3203,88.36,177,0,86,65,3,57,135,148,91
kedacore/keda,https://github.com/kedacore/keda,msftgits,"Redmond, WA",Go,"Go(99.20),Makefile(0.39),Shell(0.29),Dockerfile(0.12)"," KEDA is a Kubernetes-based Event Driven Autoscaling component. It provides event driven scale for any container running in Kubernetes ",5243970,Apache-2.0,912,1705,2019/02,2675,2947,9012909,3304015,12316924,2026-05-23 06:24:17,1.1017,91,4179,51,10223,1420,455,32.04,47,266,1769,2035,0.7607,86.93,52,0,171,140,77,63,107,59,92
bank-vaults/bank-vaults,https://github.com/bank-vaults/bank-vaults,bonifaido,"Budapest, Hungary",Go,"Go(92.04),Shell(5.76),Makefile(1.47),Dockerfile(0.73)","A Vault swiss-army knife: A CLI tool to init, unseal and configure Vault (auth methods, secret engines).",245386,Apache-2.0,123,1867,2018/03,3018,4021,1576344,1565400,3141744,2026-06-07 18:48:57,1.3323,122,781,461,2253,485,213,43.92,24,12,0,12,0.0040,0.00,120,0,142,22,68,165,95,112,93
perses/perses,https://github.com/perses/perses,Nexucis,France,Go,"Go(62.65),TypeScript(32.31),CUE(2.68),Go Template(1.14),JavaScript(0.40),Shell(0.39),Makefile(0.25),HTML(0.10),Dockerfile(0.09)","The CNCF sandbox for observability visualisation. Already supports Prometheus, Tempo, Loki and Pyroscope - more data sources to come!",3023930,Apache-2.0,78,550,2021/01,1962,3262,737716,561059,1298775,2026-06-11 15:21:52,1.6626,233,398,116,2207,196,86,43.88,29,255,0,255,0.1300,0.00,122,0,35,97,140,140,81,98,94
kubewarden/policy-server,https://github.com/kubewarden/policy-server,flavio,Italy,Rust,"Rust(98.02),Makefile(1.12),Dockerfile(0.85)",Webhook server that evaluates WebAssembly policies to validate Kubernetes requests,222197,Apache-2.0,292,3389,2020/12,2004,2294,81321,61011,142332,2026-01-19 09:56:30,1.1447,676,62,137,151,20,13,65.00,10,1,0,1,0.0005,0.00,178,0,1,84,36,144,105,171,95
fluxcd/image-reflector-controller,https://github.com/fluxcd/image-reflector-controller,squaremo,"London, formerly EU",Go,"Go(94.24),Makefile(2.11),Go Template(1.42),HCL(0.99),Shell(0.87),Dockerfile(0.23),Ruby(0.13)",The GitOps Toolkit container registry scanner,347798,Apache-2.0,353,9324,2020/07,2164,1085,55951,32572,88523,2026-06-08 09:51:54,0.5014,305,81,137,121,81,36,44.44,13,47,304,351,0.1622,86.61,179,0,21,83,5,65,151,157,96
open-policy-agent/gatekeeper,https://github.com/open-policy-agent/gatekeeper,msftgits,"Redmond, WA",Go,"Go(94.58),Shell(2.89),Makefile(0.79),Go Template(0.51),JavaScript(0.46),Open Policy Agent(0.29),Dockerfile(0.20),CSS(0.15),Python(0.13)",🐊 Policy Controller for Kubernetes,3152243,Apache-2.0,912,1983,2018/10,2785,2200,5025241,4767520,9792761,2026-06-10 22:40:38,0.7899,130,4451,141,4224,863,247,28.62,32,191,1137,1328,0.4768,85.62,98,0,130,80,66,67,126,93,97
shipwright-io/build,https://github.com/shipwright-io/build,sbose78,Toronto,Go,"Go(97.25),Shell(2.05),Makefile(0.51),Dockerfile(0.16),HCL(0.03)",Shipwright - a framework for building container images on Kubernetes,1749898,Apache-2.0,106,991,2020/02,2317,2970,3533163,1302890,4836053,2026-06-11 16:36:01,1.2818,297,1628,65,810,133,57,42.86,28,141,0,141,0.0609,0.00,152,0,22,131,107,114,99,100,98
chaos-mesh/chaos-mesh,https://github.com/chaos-mesh/chaos-mesh,cwen0,China,Go,"Go(63.14),TypeScript(33.18),Shell(1.61),JavaScript(0.58),Makefile(0.49),Python(0.24),Dockerfile(0.23),Go Template(0.19),Mustache(0.18),C(0.15),HTML(0.02)",A Chaos Engineering Platform for Kubernetes.,4285812,Apache-2.0,176,2228,2019/09,2472,1960,949237,578479,1527716,2026-05-03 04:42:24,0.7929,129,779,160,7713,989,211,21.33,41,553,985,1538,0.6222,64.04,66,0,132,71,60,95,125,71,99
dragonflyoss/dragonfly,https://github.com/dragonflyoss/dragonfly,jim3ma,"Hangzhou, China",Go,"Go(99.28),Shell(0.34),Makefile(0.20),Dockerfile(0.18)","Delivers efficient, stable, and secure data distribution and acceleration powered by P2P technology, with an optional content‑addressable filesystem that accelerates OCI container launch.",3110897,Apache-2.0,172,887,2020/11,2045,3151,489499,357732,847231,2026-06-11 04:26:47,1.5408,139,268,318,3202,403,103,25.56,18,29,136,165,0.0807,82.42,104,0,120,37,114,75,88,128,100
youki-dev/youki,https://github.com/youki-dev/youki,utam0k,Japan,Rust,"Rust(97.95),Shell(1.55),Just(0.31),Dockerfile(0.17),Gnuplot(0.03)",A container runtime written in Rust,1970568,Apache-2.0,472,1783,2021/03,1902,5869,158526,78261,236787,2026-06-11 12:15:56,3.0857,109,40,22,7443,441,149,33.79,32,134,0,134,0.0705,0.00,68,0,155,164,72,158,43,92,101
istio/ztunnel,https://github.com/istio/ztunnel,howardjohn,"Sunnyvale, CA",Rust,"Rust(98.42),Shell(1.02),Makefile(0.31),Dockerfile(0.18),HTML(0.07)",The `ztunnel` component of ambient mesh,1468693,Apache-2.0,769,1756,2022/10,1331,1098,137489,48368,185857,2026-06-09 20:00:37,0.8249,229,169,144,471,172,70,40.70,20,113,497,610,0.4583,81.48,166,0,40,79,74,76,119,122,102
cilium/hubble,https://github.com/cilium/hubble,glibsm,"Seattle, WA",Makefile,"Makefile(88.64),Go(11.36)","Hubble - Network, Service & Security Observability for Kubernetes using eBPF",3802,Apache-2.0,56,6524,2019/11,2396,1362,5283809,3241939,8525748,2026-06-05 19:58:25,0.5684,360,6259,50,4210,286,49,17.13,12,48,1662,1710,0.7137,97.19,99,0,8,141,14,21,147,161,103
openzipkin/zipkin,https://github.com/openzipkin/zipkin,johanoskarsson,San Francisco,Java,"Java(77.60),TypeScript(9.01),JavaScript(8.94),Shell(2.32),Dockerfile(1.31),CQL(0.79),HTML(0.03),CSS(0.00)",Zipkin is a distributed tracing system,2535933,Apache-2.0,77,1772,2012/06,5118,3003,555671,428328,983999,2026-04-08 14:42:16,0.5868,230,327,232,17431,3102,116,3.74,23,168,0,168,0.0328,0.00,28,0,38,56,73,153,145,117,104
kuberhealthy/kuberhealthy,https://github.com/kuberhealthy/kuberhealthy,integrii,"Gig Harbor, WA",Go,"Go(92.52),Shell(2.22),Dockerfile(2.16),JavaScript(1.62),Makefile(0.83),Python(0.48),Mustache(0.17)",A Kubernetes operator for running synthetic checks as pods. Works great with Prometheus!,422314,Apache-2.0,127,5273,2018/06,2914,3850,216214,193479,409693,2026-04-20 04:55:29,1.3212,101,106,24,2242,290,90,31.03,18,19,235,254,0.0872,92.52,121,0,161,162,21,46,96,129,105
litmuschaos/litmus,https://github.com/litmuschaos/litmus,kmova,"Bangalore, India",Go,"Go(84.17),SCSS(12.38),Shell(1.36),PowerShell(0.89),Makefile(0.85),Dockerfile(0.29),JavaScript(0.06),Open Policy Agent(0.01)",Litmus helps  SREs and developers practice chaos engineering in a Cloud-native way. Chaos experiments are published at the ChaosHub  (https://hub.litmuschaos.io). Community notes is at https://hackmd.io/a4Zu_sH4TZGeih-xCimi3Q,1270457,Apache-2.0,129,621,2017/03,3375,3146,2368331,1372096,3740427,2026-06-09 17:06:22,0.9321,146,1188,118,5431,874,256,29.29,54,429,0,429,0.1271,0.00,89,0,112,96,135,135,114,49,106
spidernet-io/spiderpool,https://github.com/spidernet-io/spiderpool,weizhoublue,ShangHai,Go,"Go(89.78),Shell(6.45),Makefile(2.54),Go Template(0.82),Dockerfile(0.43)","Underlay and RDMA network solution of the Kubernetes, for bare metal, VM and any public cloud",2568904,Apache-2.0,36,369,2022/03,1557,4111,3469346,1167304,4636650,2026-06-10 12:04:45,2.6403,224,1127,94,656,98,44,44.90,17,74,0,74,0.0475,0.00,157,0,45,106,154,154,51,135,107
metallb/metallb,https://github.com/metallb/metallb,danderson,Canada,Go,"Go(72.21),CSS(10.03),JavaScript(8.25),HTML(5.79),Python(2.40),Go Template(0.33),Dockerfile(0.27),Shell(0.26),Mustache(0.11),Open Policy Agent(0.11),Batchfile(0.11),Jinja(0.07),Jsonnet(0.07)",A network load-balancer implementation for Kubernetes using standard routing protocols,2474729,Apache-2.0,902,3667,2017/11,3137,2531,4192544,4001612,8194156,2026-05-19 10:08:28,0.8068,119,3237,103,8229,1054,219,20.78,30,96,0,96,0.0306,0.00,60,0,145,102,31,130,123,96,108
hwameistor/hwameistor,https://github.com/hwameistor/hwameistor,sun7927,Shanghai,Go,"Go(98.29),Makefile(0.77),Shell(0.70),Go Template(0.09),Python(0.07),Dockerfile(0.07)",Hwameistor is an HA local storage system for cloud-native stateful workloads. ,2892456,Apache-2.0,7,197,2022/03,1557,2471,4656055,2510897,7166952,2026-05-09 02:16:23,1.5870,171,2900,84,647,97,42,43.30,18,15,210,225,0.1445,93.33,158,0,80,111,176,38,85,130,109
zeromicro/go-zero,https://github.com/zeromicro/go-zero,kevwan,"Hong Kong, China",Go,"Go(97.28),Shell(1.21),Go Template(1.14),ANTLR(0.11),TypeScript(0.08),Makefile(0.06),Lua(0.05),Dockerfile(0.04),Smarty(0.04)",A cloud-native Go microservices framework with cli tool for productivity.,3686795,MIT,2069,2748,2020/08,2134,2993,302294,123408,425702,2026-06-09 01:45:19,1.4025,98,142,156,33093,4301,305,7.09,25,290,0,290,0.1359,0.00,12,0,166,73,44,152,94,109,110
kubeshark/kubeshark,https://github.com/kubeshark/kubeshark,haiut,[Unknown],Go,"Go(91.96),Makefile(5.65),Shell(1.39),Go Template(1.00)","eBPF-powered network observability for Kubernetes. Indexes L4/L7 traffic with full K8s context, decrypts TLS without keys. Queryable by AI agents via MCP and humans via dashboard.",296531,Apache-2.0,6,367,2021/04,1879,2234,862471,790871,1653342,2026-05-21 13:52:09,1.1889,190,740,966,11949,539,46,8.53,23,140,0,140,0.0745,0.00,43,0,69,7,155,155,103,115,111
dexidp/dex,https://github.com/dexidp/dex,ericchiang,San Francisco,Go,"Go(97.62),HTML(0.94),CSS(0.49),Makefile(0.44),Shell(0.25),Dockerfile(0.18),Nix(0.07)",OpenID Connect (OIDC) identity and OAuth 2.0 provider with pluggable connectors,1794069,Apache-2.0,709,3948,2015/08,3951,3909,1799865,1675581,3475446,2026-06-10 06:45:02,0.9894,108,889,98,10879,1941,259,13.34,20,502,0,502,0.1271,0.00,50,0,156,103,28,123,109,124,112
go-kratos/kratos,https://github.com/go-kratos/kratos,langxuan,[Unknown],Go,"Go(98.22),Go Template(1.03),Shell(0.42),Makefile(0.32)",Your ultimate Go microservices framework for the cloud-native era.,1029179,MIT,17,6460,2019/01,2709,2037,484882,420140,905022,2026-06-11 17:48:12,0.7519,124,444,73,25727,4161,289,6.95,36,76,0,76,0.0281,0.00,19,0,138,122,15,133,130,85,113
longhorn/longhorn,https://github.com/longhorn/longhorn,yasker,"Los Altos, CA",Shell,"Shell(84.86),Python(10.85),Mustache(4.29)",Cloud-Native distributed storage built on and for Kubernetes,59995,Apache-2.0,165,456,2017/04,3345,1924,98492,30389,128881,2026-05-21 02:32:47,0.5752,138,66,383,7737,699,141,20.17,26,1753,8738,10491,3.1363,83.29,65,0,122,29,148,72,146,107,114
kubescape/kubescape,https://github.com/kubescape/kubescape,slashben,Jerusalem,Go,"Go(98.85),Python(0.38),Shell(0.38),Go Template(0.19),PowerShell(0.15),Dockerfile(0.03),Makefile(0.01)","Kubescape is an open-source Kubernetes security platform for your IDE, CI/CD pipelines, and clusters. It includes risk analysis, security, compliance, and misconfiguration scanning, saving Kubernetes users and administrators precious time, effort, and resources.",2197875,Apache-2.0,75,221,2021/08,1764,4075,449215,138246,587461,2026-06-11 18:54:25,2.3101,94,144,559,11478,951,177,18.61,35,68,0,68,0.0385,0.00,46,0,170,18,174,174,59,86,115
kubearmor/KubeArmor,https://github.com/kubearmor/KubeArmor,dku-boanlab,Republic of Korea,Go,"Go(79.50),C(8.42),Shell(7.37),HTML(2.47),Makefile(1.55),Dockerfile(0.62),Go Template(0.07)","Runtime Security Enforcement System. Workload hardening/sandboxing and implementing least-permissive policies made easy leveraging LSMs (LSM-BPF, AppArmor).",1819426,Apache-2.0,19,502,2020/11,2023,3909,563043,274153,837196,2026-06-09 16:23:46,1.9323,148,214,80,2133,487,125,25.67,32,334,312,646,0.3193,48.30,123,0,109,116,144,105,71,91,116
keylime/keylime,https://github.com/keylime/keylime,[Unknown account],[Unknown],Python,"Python(88.83),Jinja(8.70),Shell(2.34),Dockerfile(0.05),Standard ML(0.04),Mako(0.03),Makefile(0.00)",A CNCF Project to Bootstrap & Maintain Trust on the Edge / Cloud and IoT,3237071,Apache-2.0,0,928,2016/10,3522,2225,241061,136808,377869,2026-06-03 12:55:46,0.6317,312,169,71,540,186,74,39.78,29,64,0,64,0.0182,0.00,161,0,16,124,110,150,141,97,118
dapr/cli,https://github.com/dapr/cli,yaron2,"Federal Way, WA",Go,"Go(97.50),Shell(0.97),Makefile(0.93),PowerShell(0.60)",Command-line tools for Dapr.,1018752,Apache-2.0,502,1280,2019/06,2547,1105,1280137,1239689,2519826,2026-06-05 16:07:14,0.4338,159,2280,148,352,214,107,50.00,24,121,793,914,0.3589,86.76,171,0,97,78,97,64,159,111,119
tektoncd/triggers,https://github.com/tektoncd/triggers,bobcatfish,[Unknown],Go,"Go(95.20),Shell(4.00),Makefile(0.52),Go Template(0.28)",Event triggering with Tekton!,1385509,Apache-2.0,268,1828,2019/06,2546,1180,4768693,2205196,6973889,2026-06-10 10:54:36,0.4635,193,5910,73,583,426,121,28.40,27,83,786,869,0.3413,90.45,160,0,66,123,70,51,156,101,120
open-component-model/ocm,https://github.com/open-component-model/ocm,mandelsoft,Karlsruhe,Go,"Go(98.89),Makefile(0.53),Shell(0.34),PowerShell(0.10),Nix(0.08),Dockerfile(0.03),Go Template(0.03)",Legacy Toolset,5142447,Apache-2.0,31,342,2022/06,1455,1561,410529,178193,588722,2026-06-10 09:09:36,1.0729,339,377,149,48,34,33,97.06,19,25,0,25,0.0172,0.00,180,0,10,77,161,161,108,125,121
kmesh-net/kmesh,https://github.com/kmesh-net/kmesh,xiangxinyong,[Unknown],Go,"Go(65.35),C(30.41),Shell(3.08),Makefile(0.89),Dockerfile(0.10),Go Template(0.08),CMake(0.08)",High Performance ServiceMesh Data Plane Based on eBPF and Programmable Kernel,2076198,Apache-2.0,2,1077,2023/07,1065,3238,1451069,1328095,2779164,2026-05-20 09:02:47,3.0404,137,858,15,732,222,62,27.93,33,323,174,497,0.4667,35.01,155,0,123,170,101,108,45,88,122
notaryproject/notary,https://github.com/notaryproject/notary,NathanMcCauley,"San Francisco, CA",Go,"Go(95.07),Python(3.26),Shell(0.89),Dockerfile(0.40),Makefile(0.37)",Notary is a project that allows anyone to have trust over arbitrary collections of data,2003059,Apache-2.0,33,3633,2015/06,4010,3023,2028366,1170696,3199062,2024-04-16 00:12:37,0.7539,170,1058,38,3290,520,78,15.00,21,332,0,332,0.0828,0.00,103,0,84,151,32,111,129,120,123
kcl-lang/kcl,https://github.com/kcl-lang/kcl,ldxdl,https://openloomi.ai,Rust,"Rust(90.37),KCL(8.55),C(0.83),KFramework(0.09),Makefile(0.06),Shell(0.06),PowerShell(0.03),Fluent(0.01)",KCL Programming Language Core and API (CNCF Sandbox Project). https://kcl-lang.io,4246790,Apache-2.0,0,5706,2022/05,1498,1257,596153,334966,931119,2026-06-11 07:38:15,0.8391,144,740,79,2368,168,53,31.55,14,111,0,111,0.0741,0.00,114,0,115,117,18,128,117,149,124
oauth2-proxy/oauth2-proxy,https://github.com/oauth2-proxy/oauth2-proxy,jehiah,"New York, NY",Go,"Go(98.26),Makefile(0.80),HTML(0.46),Shell(0.25),Dockerfile(0.23)","A reverse proxy that provides authentication with Google, Azure, OpenID Connect and many more identity providers.",1494694,MIT,398,764,2017/09,3177,2347,206760,99969,306729,2026-06-09 11:50:16,0.7387,72,130,50,14501,2140,411,19.21,22,221,8882,9103,2.8653,97.57,34,0,178,142,122,18,132,119,125
openyurtio/openyurt,https://github.com/openyurtio/openyurt,alibaba-oss,"China,Hangzhou",Go,"Go(97.64),Shell(2.03),Makefile(0.25),Go Template(0.08),Ruby(0.00)",OpenYurt - Extending your native Kubernetes to edge(project under CNCF),4628600,Apache-2.0,1279,346,2020/05,2212,1380,400166,192956,593122,2026-06-09 12:29:14,0.6239,152,429,35,1964,429,143,33.33,44,21,386,407,0.1840,94.84,128,0,105,153,160,32,143,62,126
fluid-cloudnative/fluid,https://github.com/fluid-cloudnative/fluid,cheyang,[Unknown],Go,"Go(95.63),Python(2.15),Shell(1.10),Mustache(0.61),Makefile(0.35),Dockerfile(0.11),Go Template(0.05)","Fluid, elastic data abstraction and acceleration for BigData/AI applications in cloud. (Project under CNCF) ",6568035,Apache-2.0,316,748,2020/07,2160,3702,4126512,2066605,6193117,2026-06-11 06:50:52,1.7139,27,1672,28,1935,1244,479,38.50,37,301,224,525,0.2431,42.67,129,0,181,159,125,107,77,80,127
artifacthub/hub,https://github.com/artifacthub/hub,tegioz,Spain,TypeScript,"TypeScript(60.91),Go(20.49),SQL(9.50),Mustache(5.06),CSS(1.74),Go Template(1.13),SCSS(0.45),HTML(0.30),Shell(0.15),JavaScript(0.11),Dockerfile(0.08),Python(0.08)","Find, install and publish Cloud Native packages",5974531,Apache-2.0,96,2007,2020/01,2340,1996,1550622,792015,2342637,2026-05-12 18:19:17,0.8530,182,1173,44,2034,298,48,16.11,8,27,862,889,0.3799,96.96,127,0,74,148,64,22,116,175,128
carvel-dev/carvel,https://github.com/carvel-dev/carvel,cppforlife,[Unknown],HTML,"HTML(41.81),CSS(25.51),SCSS(19.62),Shell(6.31),JavaScript(5.35),Go(1.39)","Carvel provides a set of reliable, single-purpose, composable tools that aid in your application building, configuration, and deployment to Kubernetes. This repo contains information regarding the Carvel open-source community.",232721,Apache-2.0,252,444,2019/04,2605,1820,491813,99287,591100,2026-06-11 07:39:27,0.6987,246,324,0,407,144,87,60.42,26,84,358,442,0.1697,81.00,169,0,32,180,149,77,137,106,129
connectrpc/connect-go,https://github.com/connectrpc/connect-go,akshayjshah,"San Francisco, CA",Go,"Go(99.33),Makefile(0.54),Shell(0.13)",The Go implementation of Connect: Protobuf RPC that works.,699849,Apache-2.0,265,1528,2021/08,1774,839,78966,52229,131195,2026-06-10 22:19:39,0.4729,311,156,40,3936,146,41,28.08,9,28,199,227,0.1280,87.67,100,0,18,150,88,58,153,174,130
notaryproject/ratify,https://github.com/notaryproject/ratify,bridgetkromhout,"Minneapolis, Minnesota",Go,"Go(85.43),Shell(9.07),Makefile(3.42),Go Template(0.75),HCL(0.61),Open Policy Agent(0.35),Python(0.21),Dockerfile(0.16)",Artifact Ratification Framework (CNCF Sandbox),1306975,Apache-2.0,273,357,2021/08,1763,1685,180055,96628,276683,2026-06-09 22:49:39,0.9558,226,164,33,301,84,48,57.14,17,190,776,966,0.5479,80.33,173,0,42,156,158,79,111,132,131
open-cluster-management-io/ocm,https://github.com/open-cluster-management-io/ocm,pmorie,???,Go,"Go(98.83),Shell(0.47),Makefile(0.47),Python(0.13),Go Template(0.11)",Core components in the OCM project. Report here if you found any issues in OCM.,5546829,Apache-2.0,251,313,2021/09,1715,2150,14535032,11440065,25975097,2026-06-10 09:13:29,1.2536,310,12081,22,1054,149,83,55.70,25,57,0,57,0.0332,0.00,145,0,19,165,166,166,101,108,132
openebs/openebs,https://github.com/openebs/openebs,umamukkara,"Bangalore, India",,,A popular & widely deployed Open Source Container Native Storage platform for Stateful Persistent Applications on Kubernetes.,0,Apache-2.0,48,288,2016/08,3601,3361,246262,222452,468714,2026-06-09 08:52:04,0.9334,142,139,77,9758,982,205,20.88,51,35,0,35,0.0097,0.00,55,0,117,118,170,170,113,55,133
kube-vip/kube-vip,https://github.com/kube-vip/kube-vip,plunder-app,The high seas,Go,"Go(96.17),Shell(1.98),Makefile(0.97),Go Template(0.78),Dockerfile(0.10)",Kubernetes Control Plane Virtual IP and Load-Balancer,1090983,Apache-2.0,4,644,2020/02,2321,1885,87052,48613,135665,2026-06-11 18:35:09,0.8121,110,71,65,2859,299,119,39.80,11,57,1442,1499,0.6458,96.20,107,0,151,132,133,28,120,170,134
argoproj/argo-rollouts,https://github.com/argoproj/argo-rollouts,dthomson25,[Unknown],Go,"Go(86.63),TypeScript(11.85),SCSS(0.72),Shell(0.31),Makefile(0.30),JavaScript(0.10),Dockerfile(0.08),HTML(0.01),CSS(0.00)",Progressive Delivery for Kubernetes,4594232,Apache-2.0,29,774,2018/11,2763,2138,608117,223233,831350,2026-06-10 13:24:11,0.7738,97,388,84,3497,1148,364,31.71,28,637,803,1440,0.5212,55.76,102,0,167,112,120,101,128,99,135
kaito-project/kaito,https://github.com/kaito-project/kaito,Fei-Guo,Sunnyvale,Go,"Go(69.38),Python(24.81),Jinja(1.22),MDX(1.16),Makefile(1.05),Shell(0.76),Dockerfile(0.41),HCL(0.34),Go Template(0.30),JavaScript(0.30),Starlark(0.20),CSS(0.07)",Kubernetes AI Toolchain Operator,2853916,NOASSERTION,65,1564,2023/09,1006,1453,281033,107946,388979,2026-06-11 04:00:49,1.4443,159,267,31,961,172,60,34.88,23,94,0,94,0.0934,0.00,148,0,96,158,86,134,91,116,136
quay/clair,https://github.com/quay/clair,Quentin-M,New York City,Go,"Go(93.00),jq(3.26),Makefile(2.35),Dockerfile(0.79),Shell(0.53),Go Template(0.08)",Vulnerability Static Analysis for Containers,545657,Apache-2.0,131,985,2015/11,3863,2194,2214301,2169931,4384232,2026-05-13 15:09:57,0.5680,114,1998,137,10985,1207,114,9.44,15,50,343,393,0.1017,87.28,49,0,149,82,108,60,148,143,137
loxilb-io/loxilb,https://github.com/loxilb-io/loxilb,TrekkieCoder,[Unknown],Go,Go(100.00),eBPF based cloud-native load-balancer for Kubernetes|Edge|Telco|IoT|XaaS.,891861,Apache-2.0,26,177,2022/06,1445,3637,487703,270905,758608,2026-06-10 06:02:07,2.5170,233,208,24,1856,146,25,17.12,13,29,73,102,0.0706,71.57,131,0,33,161,177,90,53,154,138
oras-project/oras,https://github.com/oras-project/oras,shizhMSFT,"Shanghai, China",Go,"Go(98.80),Makefile(0.56),Shell(0.51),Dockerfile(0.08),Go Template(0.04)","OCI registry client - managing content like artifacts, images, packages",1242777,Apache-2.0,44,969,2018/12,2726,1124,909163,865677,1774840,2026-06-10 14:11:38,0.4123,194,1579,47,2303,240,76,31.67,14,85,962,1047,0.3841,91.88,118,0,65,146,109,50,162,152,139
cloudevents/sdk-go,https://github.com/cloudevents/sdk-go,kars7e,"Bay Area, California",Go,"Go(98.00),Shell(0.94),Gnuplot(0.74),ANTLR(0.32)",Go SDK for CloudEvents,1256667,Apache-2.0,34,809,2018/06,2908,1213,247283,185507,432790,2026-06-08 14:31:55,0.4171,136,356,282,956,246,122,49.59,15,137,0,137,0.0471,0.00,149,0,124,44,117,117,161,144,140
kubernetes-sigs/metrics-server,https://github.com/kubernetes-sigs/metrics-server,piosz,"Warsaw, Poland",Go,"Go(93.82),Makefile(3.26),Shell(1.70),Go Template(1.04),Dockerfile(0.18)",Scalable and efficient source of container resource metrics for Kubernetes built-in autoscaling pipelines.,287295,Apache-2.0,91,2696,2017/05,3306,1462,1943514,1928603,3872117,2026-06-11 10:16:58,0.4422,147,2648,47,6641,2018,134,6.64,11,53,2340,2393,0.7238,97.79,73,0,110,145,46,17,158,168,141
spiffe/spiffe,https://github.com/spiffe/spiffe,y2bishop2y,[Unknown],Shell,Shell(100.00),The SPIFFE Project,3085,Apache-2.0,11,1589,2017/08,3230,616,10670,6301,16971,2026-06-02 11:31:17,0.1907,314,27,0,1777,197,54,27.41,13,51,1864,1915,0.5929,97.34,134,0,15,181,82,20,176,159,142
fluent/fluent-operator,https://github.com/fluent/fluent-operator,[Unknown account],[Unknown],Go,"Go(95.81),Shell(1.82),Makefile(1.63),Dockerfile(0.36),Mustache(0.31),Lua(0.07)",Operate Fluent Bit and Fluentd in the Kubernetes way - Previously known as FluentBit Operator,917328,Apache-2.0,0,535,2019/02,2674,1750,1125419,902224,2027643,2026-06-11 13:22:01,0.6545,77,1158,50,672,326,176,53.99,26,78,1545,1623,0.6070,95.19,156,0,176,144,141,30,139,105,143
KusionStack/kusion,https://github.com/KusionStack/kusion,elliotxx,Shanghai,Go,"Go(92.09),TypeScript(6.64),Less(0.61),Makefile(0.35),Shell(0.15),HTML(0.10),Dockerfile(0.03),JavaScript(0.02),AMPL(0.01)",Declarative Intent Driven Platform Orchestrator for Internal Developer Platform (IDP).,2490644,Apache-2.0,277,5469,2022/05,1498,773,214101,95536,309637,2026-01-04 06:01:34,0.5160,145,400,59,1311,107,37,34.58,16,53,0,53,0.0354,0.00,141,0,114,134,20,124,150,138,144
projectcapsule/capsule,https://github.com/projectcapsule/capsule,prometherion,Turin (IT),Go,"Go(97.68),Makefile(1.05),Shell(0.67),Go Template(0.57),JavaScript(0.03)",Multi-tenancy and policy-based framework for Kubernetes.,2561699,Apache-2.0,231,671,2020/06,2173,1623,269859,142909,412768,2026-06-10 17:09:06,0.7469,160,254,109,2092,210,73,34.76,13,25,0,25,0.0115,0.00,124,0,94,100,129,129,131,153,145
containernetworking/plugins,https://github.com/containernetworking/plugins,jonboulle,Germany,Go,"Go(99.76),Shell(0.24)","Some reference and example networking plugins, maintained by the CNI team.",1138148,Apache-2.0,237,1367,2017/03,3380,1918,1496621,781132,2277753,2026-05-23 13:04:49,0.5675,169,1187,53,2545,855,200,23.39,23,93,0,93,0.0275,0.00,113,0,85,136,94,125,149,118,146
kubernetes-sigs/descheduler,https://github.com/kubernetes-sigs/descheduler,aveshagarwal,Cary NC,Go,"Go(96.82),Shell(2.52),Makefile(0.37),Mustache(0.22),Dockerfile(0.07)",Descheduler for Kubernetes,1534805,Apache-2.0,70,1573,2017/07,3240,2357,16166803,14084146,30250949,2026-06-08 10:13:47,0.7275,121,12834,89,5438,794,172,21.66,17,46,0,46,0.0142,0.00,88,0,144,108,84,139,134,134,147
bpfman/bpfman,https://github.com/bpfman/bpfman,dave-tucker,UK,Rust,"Rust(94.75),C(2.17),Shell(2.12),Python(0.42),Go Template(0.39),Makefile(0.16)",An eBPF Manager for Linux and Kubernetes,990631,Apache-2.0,312,433,2021/12,1652,2576,215420,142948,358368,2026-04-21 13:08:40,1.5593,209,139,26,744,83,33,39.76,13,20,0,20,0.0121,0.00,154,0,54,160,151,151,87,155,148
cloudevents/spec,https://github.com/cloudevents/spec,[Unknown account],[Unknown],Python,"Python(84.81),ANTLR(13.98),Makefile(1.21)",CloudEvents Specification,28385,Apache-2.0,0,8200,2017/12,3106,1116,54719,37118,91837,2026-06-11 16:40:15,0.3593,177,82,14,5784,612,136,22.22,16,15,0,15,0.0048,0.00,84,0,76,173,10,146,167,137,149
Edgenesis/shifu,https://github.com/Edgenesis/shifu,saiyan86,OpenSourceUniverse,Go,"Go(90.17),Shell(4.89),Makefile(4.74),Dockerfile(0.21)",Kubernetes-native IoT gateway,495861,Apache-2.0,68,405,2021/08,1767,832,62575,21102,83677,2026-06-03 11:28:49,0.4709,168,100,219,1418,136,43,31.62,14,22,32,54,0.0306,59.26,139,0,88,57,152,99,154,150,150
project-zot/zot,https://github.com/project-zot/zot,rchamarthy,United States,Go,"Go(93.07),Shell(6.34),Makefile(0.44),JavaScript(0.08),Go Template(0.05),Dockerfile(0.03),Java(0.00)",zot - A scale-out production-ready vendor-neutral OCI-native container image/artifact registry (purely based on OCI Distribution Specification),6206654,Apache-2.0,7,47,2019/06,2547,1553,463119,194784,657903,2026-06-11 07:24:52,0.6097,225,423,132,2337,224,71,31.70,19,82,0,82,0.0322,0.00,116,0,43,85,181,181,144,126,151
openkruise/kruise,https://github.com/openkruise/kruise,jian-he,[Unknown],Go,"Go(98.97),Shell(0.68),Yacc(0.12),Makefile(0.11),Python(0.10),Dockerfile(0.02)",Automated management of large-scale applications on Kubernetes (incubating project under CNCF),7761740,NOASSERTION,93,594,2019/05,2568,1144,8318985,8028758,16347743,2026-05-20 06:16:29,0.4455,166,14289,53,5252,882,145,16.44,32,98,322,420,0.1636,76.67,91,0,90,137,136,84,157,90,152
trickstercache/trickster,https://github.com/trickstercache/trickster,jranson,"Boulder, CO",Go,"Go(99.13),Makefile(0.59),JavaScript(0.14),Shell(0.12),Dockerfile(0.02)",Open Source HTTP Reverse Proxy Cache and Time Series Dashboard Accelerator,3171102,Apache-2.0,30,1494,2018/03,2996,1214,1737632,1587692,3325324,2026-06-10 12:25:02,0.4052,188,2739,59,2076,183,68,37.16,10,46,0,46,0.0154,0.00,125,0,70,135,89,131,163,172,153
k8gb-io/k8gb,https://github.com/k8gb-io/k8gb,donovanmuller,"Johannesburg, South Africa",Go,"Go(86.63),Shell(5.58),Makefile(5.43),Go Template(0.82),HTML(0.69),Mustache(0.32),HCL(0.31),Dockerfile(0.21)",A cloud native Kubernetes Global Balancer,758719,Apache-2.0,62,332,2019/11,2388,1937,1063034,1004288,2067322,2026-06-07 22:33:13,0.8111,394,1067,45,1178,140,43,30.71,15,45,0,45,0.0188,0.00,143,0,5,147,164,164,121,140,154
keptn/lifecycle-toolkit,https://github.com/keptn/lifecycle-toolkit,thschue,Austria,Go,"Go(97.15),Makefile(1.94),Dockerfile(0.32),Shell(0.23),TypeScript(0.18),Smarty(0.15),Python(0.03)",Toolkit for cloud-native application lifecycle management,1904657,Apache-2.0,118,240,2022/09,1378,2325,667215,328256,995471,2025-08-06 15:13:22,1.6872,124,428,109,418,129,76,58.91,21,43,0,43,0.0312,0.00,168,0,140,101,173,173,80,121,155
virtual-kubelet/virtual-kubelet,https://github.com/virtual-kubelet/virtual-kubelet,rbitia,"Seattle, WA",Go,"Go(93.77),JavaScript(2.50),HTML(1.91),Makefile(0.87),Sass(0.58),Dockerfile(0.26),Shell(0.07),PowerShell(0.04)",Virtual Kubelet is an open source Kubernetes kubelet implementation.,645285,Apache-2.0,95,3578,2017/12,3111,1136,6934460,6910333,13844793,2026-04-21 09:55:34,0.3652,75,12187,50,4522,663,131,19.76,12,86,2462,2548,0.8190,96.62,94,0,177,143,35,27,166,162,156
piraeusdatastore/piraeus-operator,https://github.com/piraeusdatastore/piraeus-operator,[Unknown account],[Unknown],Go,"Go(95.67),Makefile(2.53),Shell(1.02),Go Template(0.54),Dockerfile(0.24)",The Piraeus Operator manages LINSTOR clusters in Kubernetes.,519934,Apache-2.0,0,765,2019/07,2512,1048,1219025,1180206,2399231,2026-06-08 21:23:18,0.4172,233,2289,69,534,78,27,34.62,8,80,143,223,0.0888,64.13,162,0,34,126,121,94,160,176,157
k8snetworkplumbingwg/multus-cni,https://github.com/k8snetworkplumbingwg/multus-cni,rkamudhan,Greater Seattle area,Go,"Go(93.49),Jinja(3.28),Shell(3.08),Dockerfile(0.12),Makefile(0.03)",A CNI meta-plugin for multi-homed pods in Kubernetes,646729,Apache-2.0,30,665,2016/12,3467,1023,8963885,7293150,16257035,2026-05-29 15:05:10,0.2951,202,15891,37,2881,656,106,16.16,15,26,443,469,0.1353,94.46,106,0,56,152,130,34,170,139,158
koordinator-sh/koordinator,https://github.com/koordinator-sh/koordinator,hormes,China,Go,"Go(99.71),Shell(0.17),Makefile(0.08),Dockerfile(0.04)","A QoS-based scheduling system brings optimal layout and status to workloads such as microservices, web services, big data jobs, AI jobs, etc.",13956218,Apache-2.0,45,340,2022/03,1548,1734,2675956,2221109,4897065,2026-06-05 09:00:33,1.1202,194,2824,23,1703,461,124,26.90,40,258,0,258,0.1667,0.00,135,0,64,163,163,163,106,72,159
tinkerbell/tink,https://github.com/tinkerbell/tink,nathangoulding,"New York, NY",Go,"Go(95.54),Makefile(3.44),Shell(0.51),Dockerfile(0.39),Nix(0.13)",Workflow Engine for provisioning Bare Metal,363671,Apache-2.0,20,1053,2019/10,2432,1952,644256,622058,1266314,2025-07-06 18:02:35,0.8026,166,648,19,991,138,45,32.61,11,0,0,0,0.0000,0.00,147,0,92,168,104,120,124,167,160
argoproj/argo-events,https://github.com/argoproj/argo-events,matt-magaldi,[Unknown],Go,"Go(98.28),Shell(0.94),Makefile(0.52),Go Template(0.19),Dockerfile(0.07)",Event-driven Automation Framework for Kubernetes,1749366,Apache-2.0,0,499,2018/05,2947,2150,660860,428392,1089252,2026-06-06 12:33:55,0.7296,84,506,76,2669,824,316,38.35,17,154,0,154,0.0523,0.00,111,0,174,119,145,145,133,131,161
theupdateframework/specification,https://github.com/theupdateframework/specification,vladimir-v-diaz,"Brooklyn, New York",Python,"Python(94.69),Makefile(5.31)",The Update Framework specification,11170,NOASSERTION,20,895,2017/10,3165,345,7757,3931,11688,2026-01-22 20:27:44,0.1090,337,33,35,399,58,21,36.21,6,83,180,263,0.0831,68.44,170,0,11,155,112,91,180,178,162
inclavare-containers/inclavare-containers,https://github.com/inclavare-containers/inclavare-containers,alibaba-oss,"China,Hangzhou",C,"C(60.02),Go(30.00),Shell(5.39),Makefile(2.32),Python(1.45),Assembly(0.41),Roff(0.26),Dockerfile(0.15)","A novel container runtime, aka confidential container, for cloud-native confidential computing and enclave runtime ecosystem.",1959765,Apache-2.0,1279,325,2020/05,2221,1390,3477156,3504639,6981795,2023-04-12 15:44:41,0.6258,249,5022,14,629,74,22,29.73,15,116,166,282,0.1270,58.87,159,0,31,172,165,100,142,145,163
k8sgpt-ai/k8sgpt,https://github.com/k8sgpt-ai/k8sgpt,AlexsJones,London,Go,"Go(99.00),Makefile(0.66),Go Template(0.18),Dockerfile(0.17)",Giving Kubernetes Superpowers to everyone,765315,Apache-2.0,1272,1987,2023/03,1178,1388,57646,18870,76516,2026-06-05 12:01:53,1.1783,83,55,113,7857,1005,117,11.64,12,131,0,131,0.1112,0.00,63,0,175,99,65,169,104,163,164
containernetworking/cni,https://github.com/containernetworking/cni,jonboulle,Germany,Go,"Go(99.01),Shell(0.92),Makefile(0.07)",Container Network Interface - networking for Linux containers,404555,Apache-2.0,237,1578,2015/04,4085,1289,190679,174061,364740,2025-12-15 08:34:29,0.3155,162,282,51,6041,1146,149,13.00,17,154,0,154,0.0377,0.00,81,0,93,138,83,143,169,133,165
open-feature/spec,https://github.com/open-feature/spec,oleg-nenashev,"Neuchatel, Switzerland",Python,"Python(51.79),Gherkin(46.18),Makefile(1.38),Dockerfile(0.65)",OpenFeature specification,88071,Apache-2.0,793,1820,2022/02,1581,372,20299,9176,29475,2026-06-08 15:30:41,0.2353,193,79,11,1184,55,38,69.09,6,37,0,37,0.0234,0.00,142,0,67,177,71,160,173,177,166
Project-HAMi/HAMi,https://github.com/Project-HAMi/HAMi,peizhaoyou,[Unknown],Go,"Go(96.41),Shell(1.95),Go Template(0.66),Python(0.55),Makefile(0.30),Dockerfile(0.13)",Heterogeneous GPU Sharing on Kubernetes,1671840,Apache-2.0,5,467,2021/09,1731,1367,140400,59198,199598,2026-06-11 06:00:54,0.7897,94,146,51,3555,576,124,21.53,25,221,235,456,0.2634,51.54,101,0,169,139,147,103,127,110,167
clusternet/clusternet,https://github.com/clusternet/clusternet,dixudx,Shanghai,Go,"Go(98.27),Shell(1.45),Makefile(0.24),Dockerfile(0.05)","[CNCF Sandbox Project] Managing your Kubernetes clusters (including public, private, edge, etc.) as easily as visiting the Internet",1595030,Apache-2.0,381,1064,2021/06,1830,912,103466,32294,135760,2026-05-10 11:48:14,0.4984,203,148,31,1438,207,48,23.19,12,68,0,68,0.0372,0.00,138,0,55,157,103,121,152,164,168
clusterpedia-io/clusterpedia,https://github.com/clusterpedia-io/clusterpedia,Iceber,"Shanghai, China",Go,"Go(94.52),Shell(4.12),Makefile(1.07),Dockerfile(0.12),HTML(0.12),CSS(0.05)",The Encyclopedia of Kubernetes clusters,847117,Apache-2.0,200,850,2021/10,1707,1082,2938791,454513,3393304,2026-04-30 09:44:36,0.6339,152,3136,44,872,124,41,33.06,11,63,0,63,0.0369,0.00,150,0,106,149,116,116,140,169,169
slimtoolkit/slim,https://github.com/slimtoolkit/slim,kcq,[Unknown],Go,"Go(98.73),Shell(0.91),Makefile(0.33),Dockerfile(0.03)",Slim(toolkit): Don't change anything in your container image and minify it by up to 30x (and for compiled languages even more) making it secure too! (free and open source),1702163,Apache-2.0,412,2906,2015/09,3928,1138,2919536,1098232,4017768,2026-03-25 19:08:51,0.2897,108,3530,70,23301,833,69,8.28,6,208,0,208,0.0530,0.00,22,0,157,125,42,148,171,179,170
kubeshop/botkube,https://github.com/kubeshop/botkube,PrasadG193,"MH, India",Go,"Go(98.36),Shell(1.18),Makefile(0.27),Mustache(0.12),Dockerfile(0.06)","An app that helps you monitor your Kubernetes cluster, debug critical deployments & gives recommendations for standard practices",1446412,MIT,109,2686,2018/12,2737,873,1304971,1230631,2535602,2024-11-15 11:52:02,0.3190,86,2904,86,2296,309,87,28.16,14,64,0,64,0.0234,0.00,119,0,173,110,47,162,168,151,171
aeraki-mesh/aeraki,https://github.com/aeraki-mesh/aeraki,zhaohuabing,Chengdu,Go,"Go(94.97),Shell(4.05),Makefile(0.73),Dockerfile(0.23),Thrift(0.02)",Manage any layer-7 protocols in a Service Mesh.,424060,Apache-2.0,641,2385,2020/11,2044,464,227677,198982,426659,2025-05-12 06:19:54,0.2270,149,919,19,761,141,34,24.11,9,21,53,74,0.0362,71.62,153,0,107,167,54,89,174,173,172
networkservicemesh/networkservicemesh,https://github.com/networkservicemesh/networkservicemesh,edwarnicke,"Austin, TX",Go,"Go(89.84),Shell(3.72),Smarty(2.80),Makefile(2.51),Python(1.01),HCL(0.11),HTML(0.01)",The Hybrid/Multi-cloud IP Service Mesh,1793434,Apache-2.0,58,654,2018/04,2991,1397,2836441,2755897,5592338,2021-10-28 17:05:47,0.4671,125,4003,6,502,143,53,37.06,23,80,0,80,0.0267,0.00,165,0,136,179,132,132,155,114,173
krkn-chaos/krkn,https://github.com/krkn-chaos/krkn,chaitanyaenr,127.0.0.1,Python,"Python(96.99),Shell(2.39),Jinja(0.37),Makefile(0.26)",Chaos and resiliency testing tool for Kubernetes with a focus on improving performance under failure conditions. A CNCF sandbox project.,1969830,Apache-2.0,65,265,2020/04,2244,859,93285,35133,128418,2026-06-11 16:07:52,0.3828,157,149,94,461,200,78,39.00,15,149,0,149,0.0664,0.00,167,0,101,105,172,172,165,146,174
devfile/api,https://github.com/devfile/api,davidfestal,[Unknown],Go,"Go(93.72),Shell(3.60),Python(2.50),Dockerfile(0.19)",Kube-native API for cloud development workspaces specification,655909,Apache-2.0,43,350,2019/12,2380,325,1760234,700341,2460575,2025-09-09 08:32:42,0.1366,309,7571,9,337,76,30,39.47,13,28,0,28,0.0118,0.00,172,0,20,178,159,159,178,156,175
mosn/layotto,https://github.com/mosn/layotto,zhenjunMa,Beijing China,Go,"Go(96.39),Makefile(2.33),Shell(1.03),Dockerfile(0.13),Go Template(0.12)",A fast and efficient cloud native application runtime,1604858,Apache-2.0,41,2600,2021/04,1869,532,1559885,1397328,2957213,2026-01-26 03:30:23,0.2846,99,5558,12,852,175,70,40.00,12,40,0,40,0.0214,0.00,151,0,163,176,49,175,172,165,176
chaosblade-io/chaosblade,https://github.com/chaosblade-io/chaosblade,xcaspar,[Unknown],Python,"Python(74.17),TypeScript(18.87),Go(3.42),JavaScript(1.40),Shell(1.02),Makefile(0.47),PowerShell(0.43),Dockerfile(0.12),C(0.10)",An easy to use and powerful chaos engineering experiment toolkit.（阿里巴巴开源的一款简单易用、功能强大的混沌实验注入工具）,7031219,Apache-2.0,171,1707,2019/03,2648,334,774723,574109,1348832,2026-06-03 06:08:43,0.1261,123,4038,35,6352,1000,42,4.20,4,346,0,346,0.1307,0.00,78,0,141,154,76,112,179,180,177
gocrane/crane,https://github.com/gocrane/crane,qmhu,Shanghai,Go,"Go(80.23),TypeScript(16.79),Less(1.13),Makefile(0.48),HTML(0.48),Shell(0.37),JavaScript(0.36),Dockerfile(0.09),SCSS(0.07)",Crane is a FinOps Platform for Cloud Resource Analytics and Economics in Kubernetes clusters. The goal is not only to help users to manage cloud cost easier but also ensure the quality of applications.  ,1462343,Apache-2.0,82,737,2021/11,1666,1168,633592,81904,715496,2024-12-20 01:55:09,0.7011,67,612,13,2045,405,55,13.58,17,137,0,137,0.0822,0.00,126,0,179,175,126,126,136,136,178
kube-green/kube-green,https://github.com/kube-green/kube-green,davidebianchi,[Unknown],Go,"Go(90.23),Makefile(6.20),Shell(1.89),Go Template(0.98),Dockerfile(0.69)",A K8s operator to reduce CO2 footprint of your clusters,319093,MIT,88,361,2021/02,1936,747,37097,17947,55044,2026-06-02 17:07:12,0.3858,183,73,18,1362,97,23,23.71,2,49,0,49,0.0253,0.00,140,0,72,169,156,156,164,181,179
k8snetworkplumbingwg/sriov-network-device-plugin,https://github.com/k8snetworkplumbingwg/sriov-network-device-plugin,ahalimx86,[Unknown],Go,"Go(98.37),Makefile(0.99),Shell(0.42),Dockerfile(0.22)",SRIOV network device plugin for Kubernetes,430213,Apache-2.0,9,155,2018/05,2949,552,13704501,13642058,27346559,2026-05-14 11:51:34,0.1872,200,49540,21,519,208,57,27.40,15,47,0,47,0.0159,0.00,163,0,58,166,178,178,177,141,180
superedge/superedge,https://github.com/superedge/superedge,neweyes,beijing,Go,"Go(98.07),Makefile(1.00),Shell(0.66),Dockerfile(0.27)",An edge-native container management system for edge computing,1320394,NOASSERTION,6,313,2020/12,2000,410,166403,61352,227755,2024-02-20 10:02:19,0.2050,100,555,15,1069,203,53,26.11,14,39,0,39,0.0195,0.00,144,0,162,171,167,167,175,147,181
